
{
	"allowSleep" : true,
	"autoClearForces" : true,
	"body" : 
	[
		
		{
			"angle" : 0,
			"angularVelocity" : 0,
			"awake" : true,
			"fixture" : 
			[
				
				{
					"density" : 1,
					"friction" : 0.2,
					"name" : "fixture0",
					"polygon" : 
					{
						"vertices" : 
						{
							"x" : 
							[
								-2.194577932357788,
								-2.428820371627808,
								-2.631250858306885,
								-2.345074653625488
							],
							"y" : 
							[
								0.9111640453338623,
								0.9200680255889893,
								-2.207765579223633,
								-1.964994907379150
							]
						}
					}
				},
				
				{
					"density" : 1,
					"friction" : 0.2,
					"name" : "fixture0",
					"polygon" : 
					{
						"vertices" : 
						{
							"x" : 
							[
								2.812479496002197,
								2.588340282440186,
								-2.345074653625488,
								-2.631250858306885
							],
							"y" : 
							[
								-2.213003873825073,
								-2.008224725723267,
								-1.964994907379150,
								-2.207765579223633
							]
						}
					}
				},
				
				{
					"density" : 1,
					"friction" : 0.2,
					"name" : "fixture0",
					"polygon" : 
					{
						"vertices" : 
						{
							"x" : 
							[
								2.812479496002197,
								2.750761032104492,
								2.539880514144898,
								2.588340282440186
							],
							"y" : 
							[
								-2.213003873825073,
								1.150219917297363,
								1.132937192916870,
								-2.008224725723267
							]
						}
					}
				}
			],
			"linearVelocity" : 0,
			"name" : "body0",
			"position" : 
			{
				"x" : 3.339059114456177,
				"y" : 2.323985099792481
			},
			"type" : 0
		}
	],
	"collisionbitplanes" : 
	{
		"names" : 
		[
			"bitplane1",
			"bitplane2",
			"bitplane3",
			"bitplane4",
			"bitplane5",
			"bitplane6",
			"bitplane7",
			"bitplane8",
			"bitplane9",
			"bitplane10",
			"bitplane11",
			"bitplane12",
			"bitplane13",
			"bitplane14",
			"bitplane15",
			"bitplane16",
			"bitplane17",
			"bitplane18",
			"bitplane19",
			"bitplane20",
			"bitplane21",
			"bitplane22",
			"bitplane23",
			"bitplane24",
			"bitplane25",
			"bitplane26",
			"bitplane27",
			"bitplane28",
			"bitplane29",
			"bitplane30",
			"bitplane31",
			"bitplane32"
		]
	},
	"continuousPhysics" : true,
	"gravity" : 
	{
		"x" : 0,
		"y" : -10
	},
	"image" : 
	[
		
		{
			"aspectScale" : 1,
			"body" : 0,
			"center" : 
			{
				"x" : 0.07138991355895996,
				"y" : 0.1950576305389404
			},
			"corners" : 
			{
				"x" : 
				[
					-3.269791603088379,
					3.412571430206299,
					3.412571430206299,
					-3.269791603088379
				],
				"y" : 
				[
					-2.287915229797363,
					-2.287915229797363,
					2.678030490875244,
					2.678030490875244
				]
			},
			"file" : "../../../raw-assets/night_map/House.png",
			"filter" : 1,
			"glDrawElements" : [ 0, 1, 2, 2, 3, 0 ],
			"glTexCoordPointer" : [ 0.0, 0.0, 1, 0.0, 1, 1, 0.0, 1 ],
			"glVertexPointer" : 
			[
				-3.269791603088379,
				-2.287915229797363,
				3.412571430206299,
				-2.287915229797363,
				3.412571430206299,
				2.678030490875244,
				-3.269791603088379,
				2.678030490875244
			],
			"name" : "image0",
			"opacity" : 0.5,
			"scale" : 4.965945720672607
		}
	],
	"positionIterations" : 3,
	"stepsPerSecond" : 60.0,
	"subStepping" : false,
	"velocityIterations" : 8,
	"warmStarting" : true
}
