
{
	"allowSleep" : true,
	"autoClearForces" : true,
	"collisionbitplanes" : 
	{
		"names" : 
		[
			"bitplane1",
			"bitplane2",
			"bitplane3",
			"bitplane4",
			"bitplane5",
			"bitplane6",
			"bitplane7",
			"bitplane8",
			"bitplane9",
			"bitplane10",
			"bitplane11",
			"bitplane12",
			"bitplane13",
			"bitplane14",
			"bitplane15",
			"bitplane16",
			"bitplane17",
			"bitplane18",
			"bitplane19",
			"bitplane20",
			"bitplane21",
			"bitplane22",
			"bitplane23",
			"bitplane24",
			"bitplane25",
			"bitplane26",
			"bitplane27",
			"bitplane28",
			"bitplane29",
			"bitplane30",
			"bitplane31",
			"bitplane32"
		]
	},
	"continuousPhysics" : true,
	"gravity" : 
	{
		"x" : 0,
		"y" : -10
	},
	"image" : 
	[
		
		{
			"aspectScale" : 1,
			"body" : -1,
			"center" : 
			{
				"x" : 5.974588871002197,
				"y" : 8.326349258422852
			},
			"corners" : 
			{
				"x" : 
				[
					2.964046239852905,
					8.985131263732910,
					8.985131263732910,
					2.964046239852905
				],
				"y" : 
				[
					7.072371006011963,
					7.072371006011963,
					9.580327033996582,
					9.580327033996582
				]
			},
			"customProperties" : 
			[
				
				{
					"name" : "name",
					"string" : "sandbox_button"
				},
				
				{
					"bool" : true,
					"name" : "button"
				}
			],
			"file" : "../../../../../raw-assets/ui/level_menu/page1/images/sandbox.png",
			"filter" : 1,
			"glDrawElements" : [ 0, 1, 2, 2, 3, 0 ],
			"glTexCoordPointer" : [ 0.0, 0.0, 1, 0.0, 1, 1, 0.0, 1 ],
			"glVertexPointer" : 
			[
				2.964046239852905,
				7.072371006011963,
				8.985131263732910,
				7.072371006011963,
				8.985131263732910,
				9.580327033996582,
				2.964046239852905,
				9.580327033996582
			],
			"name" : "image1",
			"opacity" : 0.5,
			"scale" : 2.507956266403198
		},
		
		{
			"aspectScale" : 1,
			"body" : -1,
			"center" : 
			{
				"x" : 14.03575515747070,
				"y" : 8.271375656127930
			},
			"corners" : 
			{
				"x" : 
				[
					11.03711223602295,
					17.03439903259277,
					17.03439903259277,
					11.03711223602295
				],
				"y" : 
				[
					7.017397403717041,
					7.017397403717041,
					9.525353431701660,
					9.525353431701660
				]
			},
			"customProperties" : 
			[
				
				{
					"name" : "name",
					"string" : "survival_button"
				},
				
				{
					"bool" : true,
					"name" : "button"
				}
			],
			"file" : "../../../../../raw-assets/ui/level_menu/page1/images/survival.png",
			"filter" : 1,
			"glDrawElements" : [ 0, 1, 2, 2, 3, 0 ],
			"glTexCoordPointer" : [ 0.0, 0.0, 1, 0.0, 1, 1, 0.0, 1 ],
			"glVertexPointer" : 
			[
				11.03711223602295,
				7.017397403717041,
				17.03439903259277,
				7.017397403717041,
				17.03439903259277,
				9.525353431701660,
				11.03711223602295,
				9.525353431701660
			],
			"name" : "image3",
			"opacity" : 0.5,
			"scale" : 2.507956266403198
		},
		
		{
			"aspectScale" : 1,
			"body" : -1,
			"center" : 
			{
				"x" : 13.99712562561035,
				"y" : 5.091255187988281
			},
			"corners" : 
			{
				"x" : 
				[
					11.62833595275879,
					16.36591529846191,
					16.36591529846191,
					11.62833595275879
				],
				"y" : 
				[
					3.525284767150879,
					3.525284767150879,
					6.657225608825684,
					6.657225608825684
				]
			},
			"file" : "../../../../../raw-assets/ui/level_menu/page1/images/survival_desc.png",
			"filter" : 1,
			"glDrawElements" : [ 0, 1, 2, 2, 3, 0 ],
			"glTexCoordPointer" : [ 0.0, 0.0, 1, 0.0, 1, 1, 0.0, 1 ],
			"glVertexPointer" : 
			[
				11.62833595275879,
				3.525284767150879,
				16.36591529846191,
				3.525284767150879,
				16.36591529846191,
				6.657225608825684,
				11.62833595275879,
				6.657225608825684
			],
			"name" : "image4",
			"opacity" : 0.5,
			"scale" : 3.131940841674805
		},
		
		{
			"aspectScale" : 1,
			"body" : -1,
			"center" : 
			{
				"x" : 5.966289043426514,
				"y" : 5.248739719390869
			},
			"corners" : 
			{
				"x" : 
				[
					3.597499132156372,
					8.335079193115234,
					8.335079193115234,
					3.597499132156372
				],
				"y" : 
				[
					3.682769298553467,
					3.682769298553467,
					6.814710140228272,
					6.814710140228272
				]
			},
			"file" : "../../../../../raw-assets/ui/level_menu/page1/images/sandbox_desc.png",
			"filter" : 1,
			"glDrawElements" : [ 0, 1, 2, 2, 3, 0 ],
			"glTexCoordPointer" : [ 0.0, 0.0, 1, 0.0, 1, 1, 0.0, 1 ],
			"glVertexPointer" : 
			[
				3.597499132156372,
				3.682769298553467,
				8.335079193115234,
				3.682769298553467,
				8.335079193115234,
				6.814710140228272,
				3.597499132156372,
				6.814710140228272
			],
			"name" : "image2",
			"opacity" : 0.5,
			"scale" : 3.131940841674805
		},
		
		{
			"aspectScale" : 1,
			"body" : -1,
			"center" : 
			{
				"x" : 14.03575515747070,
				"y" : 8.271375656127930
			},
			"corners" : 
			{
				"x" : 
				[
					11.03711223602295,
					17.03439903259277,
					17.03439903259277,
					11.03711223602295
				],
				"y" : 
				[
					7.017397403717041,
					7.017397403717041,
					9.525353431701660,
					9.525353431701660
				]
			},
			"customProperties" : 
			[
				
				{
					"name" : "name",
					"string" : "survival_button"
				},
				
				{
					"bool" : true,
					"name" : "button"
				}
			],
			"file" : "../../../../../raw-assets/ui/level_menu/page1/images/survival.png",
			"filter" : 1,
			"glDrawElements" : [ 0, 1, 2, 2, 3, 0 ],
			"glTexCoordPointer" : [ 0.0, 0.0, 1, 0.0, 1, 1, 0.0, 1 ],
			"glVertexPointer" : 
			[
				11.03711223602295,
				7.017397403717041,
				17.03439903259277,
				7.017397403717041,
				17.03439903259277,
				9.525353431701660,
				11.03711223602295,
				9.525353431701660
			],
			"name" : "image3",
			"opacity" : 0.5,
			"scale" : 2.507956266403198
		},
		
		{
			"aspectScale" : 1,
			"body" : -1,
			"center" : 
			{
				"x" : 10.10742759704590,
				"y" : 5.642549037933350
			},
			"corners" : 
			{
				"x" : 
				[
					-0.01308272872120142,
					20.22793769836426,
					20.22793769836426,
					-0.01308272872120142
				],
				"y" : 
				[
					-0.04922580718994141,
					-0.04922580718994141,
					11.33432388305664,
					11.33432388305664
				]
			},
			"file" : "../../../../../raw-assets/ui/level_menu/page1/images/background.jpg",
			"filter" : 1,
			"glDrawElements" : [ 0, 1, 2, 2, 3, 0 ],
			"glTexCoordPointer" : [ 0.0, 0.0, 1, 0.0, 1, 1, 0.0, 1 ],
			"glVertexPointer" : 
			[
				-0.01308272872120142,
				-0.04922580718994141,
				20.22793769836426,
				-0.04922580718994141,
				20.22793769836426,
				11.33432388305664,
				-0.01308272872120142,
				11.33432388305664
			],
			"name" : "image0",
			"opacity" : 0.5,
			"scale" : 11.38354969024658
		},
		
		{
			"aspectScale" : 1,
			"body" : -1,
			"center" : 
			{
				"x" : 13.99712562561035,
				"y" : 5.091255187988281
			},
			"corners" : 
			{
				"x" : 
				[
					11.62833595275879,
					16.36591529846191,
					16.36591529846191,
					11.62833595275879
				],
				"y" : 
				[
					3.525284767150879,
					3.525284767150879,
					6.657225608825684,
					6.657225608825684
				]
			},
			"file" : "../../../../../raw-assets/ui/level_menu/page1/images/survival_desc.png",
			"filter" : 1,
			"glDrawElements" : [ 0, 1, 2, 2, 3, 0 ],
			"glTexCoordPointer" : [ 0.0, 0.0, 1, 0.0, 1, 1, 0.0, 1 ],
			"glVertexPointer" : 
			[
				11.62833595275879,
				3.525284767150879,
				16.36591529846191,
				3.525284767150879,
				16.36591529846191,
				6.657225608825684,
				11.62833595275879,
				6.657225608825684
			],
			"name" : "image4",
			"opacity" : 0.5,
			"scale" : 3.131940841674805
		},
		
		{
			"aspectScale" : 1,
			"body" : -1,