
{
	"allowSleep" : true,
	"autoClearForces" : true,
	"collisionbitplanes" : 
	{
		"names" : 
		[
			"bitplane1",
			"bitplane2",
			"bitplane3",
			"bitplane4",
			"bitplane5",
			"bitplane6",
			"bitplane7",
			"bitplane8",
			"bitplane9",
			"bitplane10",
			"bitplane11",
			"bitplane12",
			"bitplane13",
			"bitplane14",
			"bitplane15",
			"bitplane16",
			"bitplane17",
			"bitplane18",
			"bitplane19",
			"bitplane20",
			"bitplane21",
			"bitplane22",
			"bitplane23",
			"bitplane24",
			"bitplane25",
			"bitplane26",
			"bitplane27",
			"bitplane28",
			"bitplane29",
			"bitplane30",
			"bitplane31",
			"bitplane32"
		]
	},
	"continuousPhysics" : true,
	"gravity" : 
	{
		"x" : 0,
		"y" : -10
	},
	"image" : 
	[
		
		{
			"aspectScale" : 1,
			"body" : -1,
			"center" : 
			{
				"x" : 9.991980552673340,
				"y" : 5.658491611480713
			},
			"corners" : 
			{
				"x" : 
				[
					-0.1164562255144119,
					20.10041809082031,
					20.10041809082031,
					-0.1164562255144119
				],
				"y" : 
				[
					-0.02649307250976563,
					-0.02649307250976563,
					11.34347629547119,
					11.34347629547119
				]
			},
			"file" : "../../../../../raw-assets/ui/level_menu/page1/images/background.jpg",
			"filter" : 1,
			"glDrawElements" : [ 0, 1, 2, 2, 3, 0 ],
			"glTexCoordPointer" : [ 0.0, 0.0, 1, 0.0, 1, 1, 0.0, 1 ],
			"glVertexPointer" : 
			[
				-0.1164562255144119,
				-0.02649307250976563,
				20.10041809082031,
				-0.02649307250976563,
				20.10041809082031,
				11.34347629547119,
				-0.1164562255144119,
				11.34347629547119
			],
			"name" : "image0",
			"opacity" : 0.5,
			"scale" : 11.36996936798096
		},
		
		{
			"aspectScale" : 1,
			"body" : -1,
			"center" : 
			{
				"x" : 6.775815486907959,
				"y" : 4.612498760223389
			},
			"corners" : 
			{
				"x" : 
				[
					4.711869716644287,
					8.839760780334473,
					8.839760780334473,
					4.711869716644287
				],
				"y" : 
				[
					3.248056411743164,
					3.248056411743164,
					5.976941108703613,
					5.976941108703613
				]
			},
			"file" : "../../../../../raw-assets/ui/level_menu/page1/images/sandbox_desc.png",
			"filter" : 1,
			"glDrawElements" : [ 0, 1, 2, 2, 3, 0 ],
			"glTexCoordPointer" : [ 0.0, 0.0, 1, 0.0, 1, 1, 0.0, 1 ],
			"glVertexPointer" : 
			[
				4.711869716644287,
				3.248056411743164,
				8.839760780334473,
				3.248056411743164,
				8.839760780334473,
				5.976941108703613,
				4.711869716644287,
				5.976941108703613
			],
			"name" : "image2",
			"opacity" : 0.5,
			"renderOrder" : 1,
			"scale" : 2.728884935379028
		},
		
		{
			"aspectScale" : 1,
			"body" : -1,
			"center" : 
			{
				"x" : 14.20615291595459,
				"y" : 4.598351001739502
			},
			"corners" : 
			{
				"x" : 
				[
					12.20011329650879,
					16.21219253540039,
					16.21219253540039,
					12.20011329650879
				],
				"y" : 
				[
					3.272189140319824,
					3.272189140319824,
					5.924512863159180,
					5.924512863159180
				]
			},
			"file" : "../../../../../raw-assets/ui/level_menu/page1/images/survival_desc.png",
			"filter" : 1,
			"glDrawElements" : [ 0, 1, 2, 2, 3, 0 ],
			"glTexCoordPointer" : [ 0.0, 0.0, 1, 0.0, 1, 1, 0.0, 1 ],
			"glVertexPointer" : 
			[
				12.20011329650879,
				3.272189140319824,
				16.21219253540039,
				3.272189140319824,
				16.21219253540039,
				5.924512863159180,
				12.20011329650879,
				5.924512863159180
			],
			"name" : "image4",
			"opacity" : 0.5,
			"renderOrder" : 1,
			"scale" : 2.652323961257935
		},
		
		{
			"aspectScale" : 1,
			"body" : -1,
			"center" : 
			{
				"x" : 6.872981548309326,
				"y" : 7.810184001922607
			},
			"corners" : 
			{
				"x" : 
				[
					4.741222858428955,
					9.004739761352539,
					9.004739761352539,
					4.741222858428955
				],
				"y" : 
				[
					6.922245025634766,
					6.922245025634766,
					8.698122978210449,
					8.698122978210449
				]
			},
			"customProperties" : 
			[
				
				{
					"name" : "name",
					"string" : "sandbox_button"
				},
				
				{
					"bool" : true,
					"name" : "button"
				}
			],
			"file" : "../../../../../raw-assets/ui/level_menu/page1/images/sandbox.png",
			"filter" : 1,
			"glDrawElements" : [ 0, 1, 2, 2, 3, 0 ],
			"glTexCoordPointer" : [ 0.0, 0.0, 1, 0.0, 1, 1, 0.0, 1 ],
			"glVertexPointer" : 
			[
				4.741222858428955,
				6.922245025634766,
				9.004739761352539,
				6.922245025634766,
				9.004739761352539,
				8.698122978210449,
				4.741222858428955,
				8.698122978210449
			],
			"name" : "image1",
			"opacity" : 0.5,
			"renderOrder" : 1,
			"scale" : 1.775878310203552
		},
		
		{
			"aspectScale" : 1,
			"body" : -1,
			"center" : 
			{
				"x" : 14.14725017547607,
				"y" : 7.727648258209229
			},
			"corners" : 
			{
				"x" : 
				[
					12.08373355865479,
					16.21076774597168,
					16.21076774597168,
					12.08373355865479
				],
				"y" : 
				[
					6.864723205566406,
					6.864723205566406,
					8.590573310852051,
					8.590573310852051
				]
			},
			"customProperties" : 
			[
				
				{
					"name" : "name",
					"string" : "survival_button"
				},
				
				{
					"bool" : true,
					"name" : "button"
				}
			],
			"file" : "../../../../../raw-assets/ui/level_menu/page1/images/survival.png",
			"filter" : 1,
			"glDrawElements" : [ 0, 1, 2, 2, 3, 0 ],
			"glTexCoordPointer" : [ 0.0, 0.0, 1, 0.0, 1, 1, 0.0, 1 ],
			"glVertexPointer" : 
			[
				12.08373355865479,
				6.864723205566406,
				16.21076774597168,
				6.864723205566406,
				16.21076774597168,
				8.590573310852051,
				12.08373355865479,
				8.590573310852051
			],
			"name" : "image3",
			"opacity" : 0.5,
			"renderOrder" : 1,
			"scale" : 1.725850343704224
		}
	],
	"positionIterations" : 3,
	"stepsPerSecond" : 60.0,
	"subStepping" : false,
	"velocityIterations" : 8,
	"warmStarting" : true
}
