
{
	"allowSleep" : true,
	"autoClearForces" : true,
	"collisionbitplanes" : 
	{
		"names" : 
		[
			"bitplane1",
			"bitplane2",
			"bitplane3",
			"bitplane4",
			"bitplane5",
			"bitplane6",
			"bitplane7",
			"bitplane8",
			"bitplane9",
			"bitplane10",
			"bitplane11",
			"bitplane12",
			"bitplane13",
			"bitplane14",
			"bitplane15",
			"bitplane16",
			"bitplane17",
			"bitplane18",
			"bitplane19",
			"bitplane20",
			"bitplane21",
			"bitplane22",
			"bitplane23",
			"bitplane24",
			"bitplane25",
			"bitplane26",
			"bitplane27",
			"bitplane28",
			"bitplane29",
			"bitplane30",
			"bitplane31",
			"bitplane32"
		]
	},
	"continuousPhysics" : true,
	"gravity" : 
	{
		"x" : 0,
		"y" : -10
	},
	"image" : 
	[
		
		{
			"aspectScale" : 1,
			"body" : -1,
			"center" : 
			{
				"x" : 10.06921768188477,
				"y" : 8.314378738403320
			},
			"corners" : 
			{
				"x" : 
				[
					6.665282249450684,
					13.47315311431885,
					13.47315311431885,
					6.665282249450684
				],
				"y" : 
				[
					7.216705322265625,
					7.216705322265625,
					9.412052154541016,
					9.412052154541016
				]
			},
			"customProperties" : 
			[
				
				{
					"name" : "name",
					"string" : "resume_button"
				},
				
				{
					"bool" : true,
					"name" : "button"
				}
			],
			"file" : "../../../../../raw-assets/ui/game_menu/images/resume.png",
			"filter" : 1,
			"glDrawElements" : [ 0, 1, 2, 2, 3, 0 ],
			"glTexCoordPointer" : [ 0.0, 0.0, 1, 0.0, 1, 1, 0.0, 1 ],
			"glVertexPointer" : 
			[
				6.665282249450684,
				7.216705322265625,
				13.47315311431885,
				7.216705322265625,
				13.47315311431885,
				9.412052154541016,
				6.665282249450684,
				9.412052154541016
			],
			"name" : "image2",
			"opacity" : 0.5,
			"scale" : 2.195347070693970
		},
		
		{
			"aspectScale" : 1,
			"body" : -1,
			"center" : 
			{
				"x" : 9.829545021057129,
				"y" : 5.707317829132080
			},
			"corners" : 
			{
				"x" : 
				[
					6.008020401000977,
					13.65106964111328,
					13.65106964111328,
					6.008020401000977
				],
				"y" : 
				[
					4.274246215820313,
					4.274246215820313,
					7.140389442443848,
					7.140389442443848
				]
			},
			"customProperties" : 
			[
				
				{
					"name" : "name",
					"string" : "options_button"
				},
				
				{
					"bool" : true,
					"name" : "button"
				}
			],
			"file" : "../../../../../raw-assets/ui/game_menu/images/options.png",
			"filter" : 1,
			"glDrawElements" : [ 0, 1, 2, 2, 3, 0 ],
			"glTexCoordPointer" : [ 0.0, 0.0, 1, 0.0, 1, 1, 0.0, 1 ],
			"glVertexPointer" : 
			[
				6.008020401000977,
				4.274246215820313,
				13.65106964111328,
				4.274246215820313,
				13.65106964111328,
				7.140389442443848,
				6.008020401000977,
				7.140389442443848
			],
			"name" : "image3",
			"opacity" : 0.5,
			"scale" : 2.866143465042114
		},
		
		{
			"aspectScale" : 1,
			"body" : -1,
			"center" : 
			{
				"x" : 10.09945392608643,
				"y" : 2.781038284301758
			},
			"corners" : 
			{
				"x" : 
				[
					6.688621044158936,
					13.51028633117676,
					13.51028633117676,
					6.688621044158936
				],
				"y" : 
				[
					1.681140542030335,
					1.681140542030335,
					3.880936145782471,
					3.880936145782471
				]
			},
			"customProperties" : 
			[
				
				{
					"name" : "name",
					"string" : "main_menu_button"
				},
				
				{
					"bool" : true,
					"name" : "button"
				}
			],
			"file" : "../../../../../raw-assets/ui/game_menu/images/mainmenu.png",
			"filter" : 1,
			"glDrawElements" : [ 0, 1, 2, 2, 3, 0 ],
			"glTexCoordPointer" : [ 0.0, 0.0, 1, 0.0, 1, 1, 0.0, 1 ],
			"glVertexPointer" : 
			[
				6.688621044158936,
				1.681140542030335,
				13.51028633117676,
				1.681140542030335,
				13.51028633117676,
				3.880936145782471,
				6.688621044158936,
				3.880936145782471
			],
			"name" : "image1",
			"opacity" : 0.5,
			"scale" : 2.199795484542847
		}
	],
	"positionIterations" : 3,
	"stepsPerSecond" : 60.0,
	"subStepping" : false,
	"velocityIterations" : 8,
	"warmStarting" : true
}
