
{
	"allowSleep" : true,
	"autoClearForces" : true,
	"body" : 
	[
		
		{
			"angle" : 0,
			"angularVelocity" : 0,
			"awake" : true,
			"customProperties" : 
			[
				
				{
					"name" : "name",
					"string" : "rock"
				}
			],
			"fixture" : 
			[
				
				{
					"density" : 1,
					"friction" : 0.2,
					"name" : "fixture0",
					"polygon" : 
					{
						"vertices" : 
						{
							"x" : 
							[
								0.4450800120830536,
								0.3869000077247620,
								0.2997379899024963,
								0.1272950023412705,
								-0.1442050039768219,
								-0.3939540088176727
							],
							"y" : 
							[
								-0.09163030236959457,
								0.1141259968280792,
								0.2263710051774979,
								0.2911149859428406,
								0.3117839992046356,
								0.2125750035047531
							]
						}
					}
				},
				
				{
					"density" : 1,
					"friction" : 0.2,
					"name" : "fixture0",
					"polygon" : 
					{
						"vertices" : 
						{
							"x" : 
							[
								0.4450800120830536,
								-0.3939540088176727,
								-0.4270319938659668,
								-0.2984830141067505,
								0.2344450056552887,
								0.3423779904842377
							],
							"y" : 
							[
								-0.09163030236959457,
								0.2125750035047531,
								-0.07901050150394440,
								-0.2705790102481842,
								-0.3090460002422333,
								-0.2621139883995056
							]
						}
					}
				}
			],
			"linearVelocity" : 0,
			"massData-I" : 0.03229482099413872,
			"massData-center" : 
			{
				"x" : -0.0006292489124462009,
				"y" : -0.005235888063907623
			},
			"massData-mass" : 0.4355511665344238,
			"name" : "rock",
			"position" : 
			{
				"x" : 0.4791727066040039,
				"y" : 0.3224812448024750
			},
			"type" : 2
		}
	],
	"collisionbitplanes" : 
	{
		"names" : 
		[
			"bitplane1",
			"bitplane2",
			"bitplane3",
			"bitplane4",
			"bitplane5",
			"bitplane6",
			"bitplane7",
			"bitplane8",
			"bitplane9",
			"bitplane10",
			"bitplane11",
			"bitplane12",
			"bitplane13",
			"bitplane14",
			"bitplane15",
			"bitplane16",
			"bitplane17",
			"bitplane18",
			"bitplane19",
			"bitplane20",
			"bitplane21",
			"bitplane22",
			"bitplane23",
			"bitplane24",
			"bitplane25",
			"bitplane26",
			"bitplane27",
			"bitplane28",
			"bitplane29",
			"bitplane30",
			"bitplane31",
			"bitplane32"
		]
	},
	"continuousPhysics" : true,
	"gravity" : 
	{
		"x" : 0,
		"y" : -10
	},
	"image" : 
	[
		
		{
			"aspectScale" : 1,
			"body" : 0,
			"center" : 0,
			"corners" : 
			{
				"x" : 
				[
					-0.4454156756401062,
					0.4454156756401062,
					0.4454156756401062,
					-0.4454156756401062
				],
				"y" : 
				[
					-0.3110444545745850,
					-0.3110444545745850,
					0.3110444545745850,
					0.3110444545745850
				]
			},
			"file" : "rock.png",
			"filter" : 1,
			"glDrawElements" : [ 0, 1, 2, 2, 3, 0 ],
			"glTexCoordPointer" : [ 0.0, 0.0, 1, 0.0, 1, 1, 0.0, 1 ],
			"glVertexPointer" : 
			[
				-0.4454156756401062,
				-0.3110444545745850,
				0.4454156756401062,
				-0.3110444545745850,
				0.4454156756401062,
				0.3110444545745850,
				-0.4454156756401062,
				0.3110444545745850
			],
			"name" : "image0",
			"opacity" : 0.5,
			"scale" : 0.6220889091491699
		}
	],
	"positionIterations" : 3,
	"stepsPerSecond" : 60.0,
	"subStepping" : false,
	"velocityIterations" : 8,
	"warmStarting" : true
}
