
{
	"allowSleep" : true,
	"autoClearForces" : true,
	"collisionbitplanes" : 
	{
		"names" : 
		[
			"bitplane1",
			"bitplane2",
			"bitplane3",
			"bitplane4",
			"bitplane5",
			"bitplane6",
			"bitplane7",
			"bitplane8",
			"bitplane9",
			"bitplane10",
			"bitplane11",
			"bitplane12",
			"bitplane13",
			"bitplane14",
			"bitplane15",
			"bitplane16",
			"bitplane17",
			"bitplane18",
			"bitplane19",
			"bitplane20",
			"bitplane21",
			"bitplane22",
			"bitplane23",
			"bitplane24",
			"bitplane25",
			"bitplane26",
			"bitplane27",
			"bitplane28",
			"bitplane29",
			"bitplane30",
			"bitplane31",
			"bitplane32"
		]
	},
	"continuousPhysics" : true,
	"gravity" : 
	{
		"x" : 0,
		"y" : -10
	},
	"image" : 
	[
		
		{
			"aspectScale" : 1,
			"body" : -1,
			"center" : 
			{
				"x" : 10.05091571807861,
				"y" : 5.655071258544922
			},
			"corners" : 
			{
				"x" : 
				[
					-4.616914520738646e-005,
					20.10187721252441,
					20.10187721252441,
					-4.616914520738646e-005
				],
				"y" : 
				[
					0.001405239105224609,
					0.001405239105224609,
					11.30873680114746,
					11.30873680114746
				]
			},
			"customProperties" : 
			[
				
				{
					"name" : "name",
					"string" : "background"
				}
			],
			"file" : "../../../../raw-assets/ui/money_store/images/background.png",
			"filter" : 1,
			"glDrawElements" : [ 0, 1, 2, 2, 3, 0 ],
			"glTexCoordPointer" : [ 0.0, 0.0, 1, 0.0, 1, 1, 0.0, 1 ],
			"glVertexPointer" : 
			[
				-4.616914520738646e-005,
				0.001405239105224609,
				20.10187721252441,
				0.001405239105224609,
				20.10187721252441,
				11.30873680114746,
				-4.616914520738646e-005,
				11.30873680114746
			],
			"name" : "image0",
			"opacity" : 0.5,
			"scale" : 11.30733203887940
		},
		
		{
			"aspectScale" : 1.510729551315308,
			"body" : -1,
			"center" : 
			{
				"x" : 10.08053398132324,
				"y" : 4.970361232757568
			},
			"corners" : 
			{
				"x" : 
				[
					1.854725360870361,
					18.30634307861328,
					18.30634307861328,
					1.854725360870361
				],
				"y" : 
				[
					0.2500462532043457,
					0.2500462532043457,
					9.690675735473633,
					9.690675735473633
				]
			},
			"customProperties" : 
			[
				
				{
					"name" : "name",
					"string" : "product_button"
				},
				
				{
					"bool" : true,
					"name" : "button"
				}
			],
			"file" : "../../../../raw-assets/ui/money_store/images/empty.png",
			"filter" : 1,
			"glDrawElements" : [ 0, 1, 2, 2, 3, 0 ],
			"glTexCoordPointer" : [ 0.0, 0.0, 1, 0.0, 1, 1, 0.0, 1 ],
			"glVertexPointer" : 
			[
				1.854725360870361,
				0.2500462532043457,
				18.30634307861328,
				0.2500462532043457,
				18.30634307861328,
				9.690675735473633,
				1.854725360870361,
				9.690675735473633
			],
			"name" : "image1",
			"opacity" : 0.5,
			"scale" : 9.440629959106445
		},
		
		{
			"aspectScale" : 1,
			"body" : -1,
			"center" : 
			{
				"x" : 10.04102134704590,
				"y" : 5.658712863922119
			},
			"corners" : 
			{
				"x" : 
				[
					0.001493379124440253,
					20.08054924011231,
					20.08054924011231,
					0.001493379124440253
				],
				"y" : 
				[
					0.01147842407226563,
					0.01147842407226563,
					11.30594730377197,
					11.30594730377197
				]
			},
			"customProperties" : 
			[
				
				{
					"name" : "name",
					"string" : "overlay"
				}
			],
			"file" : "../../../../raw-assets/ui/money_store/images/overlay.png",
			"filter" : 1,
			"glDrawElements" : [ 0, 1, 2, 2, 3, 0 ],
			"glTexCoordPointer" : [ 0.0, 0.0, 1, 0.0, 1, 1, 0.0, 1 ],
			"glVertexPointer" : 
			[
				0.001493379124440253,
				0.01147842407226563,
				20.08054924011231,
				0.01147842407226563,
				20.08054924011231,
				11.30594730377197,
				0.001493379124440253,
				11.30594730377197
			],
			"name" : "image5",
			"opacity" : 0.5,
			"renderOrder" : 1,
			"scale" : 11.29446887969971
		},
		
		{
			"aspectScale" : 1,
			"body" : -1,
			"center" : 
			{
				"x" : 10.01184082031250,
				"y" : 10.48678493499756
			},
			"corners" : 
			{
				"x" : 
				[
					4.308849334716797,
					15.71483230590820,
					15.71483230590820,
					4.308849334716797
				],
				"y" : 
				[
					9.685263633728027,
					9.685263633728027,
					11.28830623626709,
					11.28830623626709
				]
			},
			"customProperties" : 
			[
				
				{
					"name" : "name",
					"string" : "title"
				}
			],
			"file" : "../../../../raw-assets/ui/money_store/images/title.png",
			"filter" : 1,
			"glDrawElements" : [ 0, 1, 2, 2, 3, 0 ],
			"glTexCoordPointer" : [ 0.0, 0.0, 1, 0.0, 1, 1, 0.0, 1 ],
			"glVertexPointer" : 
			[
				4.308849334716797,
				9.685263633728027,
				15.71483230590820,
				9.685263633728027,
				15.71483230590820,
				11.28830623626709,
				4.308849334716797,
				11.28830623626709
			],
			"name" : "image2",
			"opacity" : 0.5,
			"renderOrder" : 2,
			"scale" : 1.603042960166931
		},
		
		{
			"aspectScale" : 1,
			"body" : -1,
			"center" : 
			{
				"x" : 1.010350227355957,
				"y" : 5.502361297607422
			},
			"corners" : 
			{
				"x" : 
				[
					0.5772268772125244,
					1.443473577499390,
					1.443473577499390,
					0.5772268772125244
				],
				"y" : 
				[
					5.000850200653076,
					5.000850200653076,
					6.003872394561768,
					6.003872394561768
				]
			},
			"customProperties" : 
			[
				
				{
					"name" : "name",
					"string" : "left_button"
				},
				
				{
					"bool" : true,
					"name" : "button"
				}
			],
			"file" : "../../../../raw-assets/ui/money_store/images/left_arrow.png",
			"filter" : 1,
			"glDrawElements" : [ 0, 1, 2, 2, 3, 0 ],
			"glTexCoordPointer" : [ 0.0, 0.0, 1, 0.0, 1, 1, 0.0, 1 ],
			"glVertexPointer" : 
			[
				0.5772268772125244,
				5.000850200653076,
				1.443473577499390,
				5.000850200653076,
				1.443473577499390,
				6.003872394561768,
				0.5772268772125244,
				6.003872394561768
			],
			"name" : "image4",
			"opacity" : 0.5,
			"renderOrder" : 2,
			"scale" : 1.003022432327271
		},
		
		{
			"aspectScale" : 1,
			"body" : -1,
			"center" : 
			{
				"x" : 19.16665267944336,
				"y" : 5.592021942138672
			},
			"corners" : 
			{
				"x" : 
				[
					18.73353004455566,
					19.59977531433106,
					19.59977531433106,
					18.73353004455566
				],
				"y" : 
				[
					5.090510845184326,
					5.090510845184326,
					6.093533039093018,
					6.093533039093018
				]
			},
			"customProperties" : 
			[
				
				{
					"name" : "name",
					"string" : "right_button"
				},
				
				{
					"bool" : true,
					"name" : "button"
				}
			],
			"file" : "../../../../raw-assets/ui/money_store/images/right_arrow.png",
			"filter" : 1,
			"glDrawElements" : [ 0, 1, 2, 2, 3, 0 ],
			"glTexCoordPointer" : [ 0.0, 0.0, 1, 0.0, 1, 1, 0.0, 1 ],
			"glVertexPointer" : 
			[
				18.73353004455566,
				5.090510845184326,
				19.59977531433106,
				5.090510845184326,
				19.59977531433106,
				6.093533039093018,
				18.73353004455566,
				6.093533039093018
			],
			"name" : "image3",
			"opacity" : 0.5,
			"renderOrder" : 2,
			"scale" : 1.003022432327271
		},
		
		{
			"aspectScale" : 1,
			"body" : -1,
			"center" : 
			{
				"x" : 1.757772803306580,
				"y" : 10.51510143280029
			},
			"corners" : 
			{
				"x" : 
				[
					0.3751561045646668,
					3.140389442443848,
					3.140389442443848,
					0.3751561045646668
				],
				"y" : 
				[
					9.907272338867188,
					9.907272338867188,
					11.12293052673340,
					11.12293052673340
				]
			},
			"customProperties" : 
			[
				
				{
					"name" : "name",
					"string" : "back_button"
				},
				
				{
					"bool" : true,
					"name" : "button"
				}
			],