
{
	"allowSleep" : true,
	"autoClearForces" : true,
	"collisionbitplanes" : 
	{
		"names" : 
		[
			"bitplane1",
			"bitplane2",
			"bitplane3",
			"bitplane4",
			"bitplane5",
			"bitplane6",
			"bitplane7",
			"bitplane8",
			"bitplane9",
			"bitplane10",
			"bitplane11",
			"bitplane12",
			"bitplane13",
			"bitplane14",
			"bitplane15",
			"bitplane16",
			"bitplane17",
			"bitplane18",
			"bitplane19",
			"bitplane20",
			"bitplane21",
			"bitplane22",
			"bitplane23",
			"bitplane24",
			"bitplane25",
			"bitplane26",
			"bitplane27",
			"bitplane28",
			"bitplane29",
			"bitplane30",
			"bitplane31",
			"bitplane32"
		]
	},
	"continuousPhysics" : true,
	"gravity" : 
	{
		"x" : 0,
		"y" : -10
	},
	"image" : 
	[
		
		{
			"aspectScale" : 1,
			"body" : -1,
			"center" : 
			{
				"x" : 1.051712870597839,
				"y" : 10.18711757659912
			},
			"corners" : 
			{
				"x" : 
				[
					0.03153855353593826,
					2.071887254714966,
					2.071887254714966,
					0.03153855353593826
				],
				"y" : 
				[
					9.302707672119141,
					9.302707672119141,
					11.07152748107910,
					11.07152748107910
				]
			},
			"customProperties" : 
			[
				
				{
					"name" : "name",
					"string" : "powerup_button_1"
				},
				
				{
					"bool" : true,
					"name" : "button"
				}
			],
			"file" : "../../../../../raw-assets/ui/game_ui/survival_ui/images/box.png",
			"filter" : 1,
			"glDrawElements" : [ 0, 1, 2, 2, 3, 0 ],
			"glTexCoordPointer" : [ 0.0, 0.0, 1, 0.0, 1, 1, 0.0, 1 ],
			"glVertexPointer" : 
			[
				0.03153855353593826,
				9.302707672119141,
				2.071887254714966,
				9.302707672119141,
				2.071887254714966,
				11.07152748107910,
				0.03153855353593826,
				11.07152748107910
			],
			"name" : "image2",
			"opacity" : 0.5,
			"scale" : 1.768819332122803
		},
		
		{
			"aspectScale" : 1,
			"body" : -1,
			"center" : 
			{
				"x" : 13.07478523254395,
				"y" : 10.65935325622559
			},
			"corners" : 
			{
				"x" : 
				[
					8.274465560913086,
					17.87510490417481,
					17.87510490417481,
					8.274465560913086
				],
				"y" : 
				[
					10.27223110198975,
					10.27223110198975,
					11.04647541046143,
					11.04647541046143
				]
			},
			"customProperties" : 
			[
				
				{
					"name" : "name",
					"string" : "health_bar"
				}
			],
			"file" : "../../../../../raw-assets/ui/game_ui/survival_ui/images/health.png",
			"filter" : 1,
			"glDrawElements" : [ 0, 1, 2, 2, 3, 0 ],
			"glTexCoordPointer" : [ 0.0, 0.0, 1, 0.0, 1, 1, 0.0, 1 ],
			"glVertexPointer" : 
			[
				8.274465560913086,
				10.27223110198975,
				17.87510490417481,
				10.27223110198975,
				17.87510490417481,
				11.04647541046143,
				8.274465560913086,
				11.04647541046143
			],
			"name" : "image3",
			"opacity" : 0.5,
			"scale" : 0.7742451429367065
		},
		
		{
			"aspectScale" : 1,
			"body" : -1,
			"center" : 
			{
				"x" : 18.97156524658203,
				"y" : 10.06698322296143
			},
			"corners" : 
			{
				"x" : 
				[
					17.98373794555664,
					19.95939254760742,
					19.95939254760742,
					17.98373794555664
				],
				"y" : 
				[
					9.180272102355957,
					9.180272102355957,
					10.95369434356690,
					10.95369434356690
				]
			},
			"customProperties" : 
			[
				
				{
					"name" : "name",
					"string" : "pause_button"
				},
				
				{
					"bool" : true,
					"name" : "button"
				}
			],
			"file" : "../../../../../raw-assets/ui/game_ui/survival_ui/images/pause.png",
			"filter" : 1,
			"glDrawElements" : [ 0, 1, 2, 2, 3, 0 ],
			"glTexCoordPointer" : [ 0.0, 0.0, 1, 0.0, 1, 1, 0.0, 1 ],
			"glVertexPointer" : 
			[
				17.98373794555664,
				9.180272102355957,
				19.95939254760742,
				9.180272102355957,
				19.95939254760742,
				10.95369434356690,
				17.98373794555664,
				10.95369434356690
			],
			"name" : "image4",
			"opacity" : 0.5,
			"scale" : 1.773422479629517
		},
		
		{
			"aspectScale" : 1,
			"body" : -1,
			"center" : 
			{
				"x" : 5.139456272125244,
				"y" : 10.18633937835693
			},
			"corners" : 
			{
				"x" : 
				[
					4.118286609649658,
					6.160625934600830,
					6.160625934600830,
					4.118286609649658
				],
				"y" : 
				[
					9.301067352294922,
					9.301067352294922,
					11.07161140441895,
					11.07161140441895
				]
			},
			"customProperties" : 
			[
				
				{
					"name" : "name",
					"string" : "powerup_button_3"
				},
				
				{
					"bool" : true,
					"name" : "button"
				}
			],
			"file" : "../../../../../raw-assets/ui/game_ui/survival_ui/images/box.png",
			"filter" : 1,
			"glDrawElements" : [ 0, 1, 2, 2, 3, 0 ],
			"glTexCoordPointer" : [ 0.0, 0.0, 1, 0.0, 1, 1, 0.0, 1 ],
			"glVertexPointer" : 
			[
				4.118286609649658,
				9.301067352294922,
				6.160625934600830,
				9.301067352294922,
				6.160625934600830,
				11.07161140441895,
				4.118286609649658,
				11.07161140441895
			],
			"name" : "image5",
			"opacity" : 0.5,
			"scale" : 1.770544886589050
		},
		
		{
			"aspectScale" : 1,
			"body" : -1,
			"center" : 
			{
				"x" : 3.098604917526245,
				"y" : 10.18751907348633
			},
			"corners" : 
			{
				"x" : 
				[
					2.077435493469238,
					4.119774341583252,
					4.119774341583252,
					2.077435493469238
				],
				"y" : 
				[
					9.302247047424316,
					9.302247047424316,
					11.07279109954834,
					11.07279109954834
				]
			},
			"customProperties" : 
			[
				
				{
					"name" : "name",
					"string" : "powerup_button_2"
				},
				
				{
					"bool" : true,
					"name" : "button"
				}
			],
			"file" : "../../../../../raw-assets/ui/game_ui/survival_ui/images/box.png",
			"filter" : 1,
			"glDrawElements" : [ 0, 1, 2, 2, 3, 0 ],
			"glTexCoordPointer" : [ 0.0, 0.0, 1, 0.0, 1, 1, 0.0, 1 ],
			"glVertexPointer" : 
			[
				2.077435493469238,
				9.302247047424316,
				4.119774341583252,
				9.302247047424316,
				4.119774341583252,
				11.07279109954834,
				2.077435493469238,
				11.07279109954834
			],
			"name" : "image1",
			"opacity" : 0.5,
			"scale" : 1.770544886589050
		},
		
		{
			"aspectScale" : 1,
			"body" : -1,
			"center" : 
			{
				"x" : 7.180449485778809,
				"y" : 10.18457603454590
			},
			"corners" : 
			{
				"x" : 
				[
					6.159279823303223,
					8.201619148254395,
					8.201619148254395,
					6.159279823303223
				],
				"y" : 
				[
					9.299304008483887,
					9.299304008483887,
					11.06984806060791,
					11.06984806060791
				]
			},
			"customProperties" : 
			[
				
				{
					"name" : "name",
					"string" : "powerup_button_4"
				},
				
				{
					"bool" : true,
					"name" : "button"
				}
			],
			"file" : "../../../../../raw-assets/ui/game_ui/survival_ui/images/box.png",
			"filter" : 1,
			"glDrawElements" : [ 0, 1, 2, 2, 3, 0 ],
			"glTexCoordPointer" : [ 0.0, 0.0, 1, 0.0, 1, 1, 0.0, 1 ],
			"glVertexPointer" : 
			[
				6.159279823303223,
				9.299304008483887,
				8.201619148254395,
				9.299304008483887,
				8.201619148254395,
				11.06984806060791,
				6.159279823303223,
				11.06984806060791
			],
			"name" : "image6",
			"opacity" : 0.5,
			"scale" : 1.770544886589050
		},
		
		{
			"aspectScale" : 0.9431347846984863,
			"body" : -1,
			"center" : 
			{
				"x" : 13.07994079589844,
				"y" : 10.66897773742676
			},
			"corners" : 
			{
				"x" : 
				[
					8.450368881225586,
					17.70951271057129,
					17.70951271057129,
					8.450368881225586
				],
				"y" : 
				[
					10.45090484619141,
					10.45090484619141,
					10.88705062866211,
					10.88705062866211
				]
			},
			"customProperties" : 
			[
				
				{
					"name" : "name",
					"string" : "health_overlay"
				}
			],