
{
	"allowSleep" : true,
	"autoClearForces" : true,
	"collisionbitplanes" : 
	{
		"names" : 
		[
			"bitplane1",
			"bitplane2",
			"bitplane3",
			"bitplane4",
			"bitplane5",
			"bitplane6",
			"bitplane7",
			"bitplane8",
			"bitplane9",
			"bitplane10",
			"bitplane11",
			"bitplane12",
			"bitplane13",
			"bitplane14",
			"bitplane15",
			"bitplane16",
			"bitplane17",
			"bitplane18",
			"bitplane19",
			"bitplane20",
			"bitplane21",
			"bitplane22",
			"bitplane23",
			"bitplane24",
			"bitplane25",
			"bitplane26",
			"bitplane27",
			"bitplane28",
			"bitplane29",
			"bitplane30",
			"bitplane31",
			"bitplane32"
		]
	},
	"continuousPhysics" : true,
	"gravity" : 
	{
		"x" : 0,
		"y" : -10
	},
	"image" : 
	[
		
		{
			"aspectScale" : 1.079148054122925,
			"body" : -1,
			"center" : 
			{
				"x" : 10.04602527618408,
				"y" : 6.013813018798828
			},
			"corners" : 
			{
				"x" : 
				[
					2.866069078445435,
					17.22598075866699,
					17.22598075866699,
					2.866069078445435
				],
				"y" : 
				[
					1.020553588867188,
					1.020553588867188,
					11.00707244873047,
					11.00707244873047
				]
			},
			"file" : "../../../../raw-assets/ui/next_level/using/box.png",
			"filter" : 1,
			"glDrawElements" : [ 0, 1, 2, 2, 3, 0 ],
			"glTexCoordPointer" : [ 0.0, 0.0, 1, 0.0, 1, 1, 0.0, 1 ],
			"glVertexPointer" : 
			[
				2.866069078445435,
				1.020553588867188,
				17.22598075866699,
				1.020553588867188,
				17.22598075866699,
				11.00707244873047,
				2.866069078445435,
				11.00707244873047
			],
			"name" : "image0",
			"opacity" : 0.5,
			"scale" : 9.986518859863281
		},
		
		{
			"aspectScale" : 9.961373329162598,
			"body" : -1,
			"center" : 
			{
				"x" : 10.05170917510986,
				"y" : 10.07052230834961
			},
			"corners" : 
			{
				"x" : 
				[
					3.861254930496216,
					16.24216270446777,
					16.24216270446777,
					3.861254930496216
				],
				"y" : 
				[
					9.531778335571289,
					9.531778335571289,
					10.60926628112793,
					10.60926628112793
				]
			},
			"customProperties" : 
			[
				
				{
					"name" : "name",
					"string" : "end_status_bounds"
				}
			],
			"file" : "../../../../raw-assets/ui/next_level/using/empty.png",
			"filter" : 1,
			"glDrawElements" : [ 0, 1, 2, 2, 3, 0 ],
			"glTexCoordPointer" : [ 0.0, 0.0, 1, 0.0, 1, 1, 0.0, 1 ],
			"glVertexPointer" : 
			[
				3.861254930496216,
				9.531778335571289,
				16.24216270446777,
				9.531778335571289,
				16.24216270446777,
				10.60926628112793,
				3.861254930496216,
				10.60926628112793
			],
			"name" : "image2",
			"opacity" : 0.5,
			"renderOrder" : 1,
			"scale" : 1.077487826347351
		},
		
		{
			"aspectScale" : 3.691996097564697,
			"body" : -1,
			"center" : 
			{
				"x" : 10.01755619049072,
				"y" : 7.649358749389648
			},
			"corners" : 
			{
				"x" : 
				[
					3.854569673538208,
					16.18054199218750,
					16.18054199218750,
					3.854569673538208
				],
				"y" : 
				[
					6.202223777770996,
					6.202223777770996,
					9.096493721008301,
					9.096493721008301
				]
			},
			"customProperties" : 
			[
				
				{
					"name" : "name",
					"string" : "level_info_bounds"
				},
				
				{
					"bool" : false,
					"name" : "button"
				}
			],
			"file" : "../../../../raw-assets/ui/next_level/using/empty.png",
			"filter" : 1,
			"glDrawElements" : [ 0, 1, 2, 2, 3, 0 ],
			"glTexCoordPointer" : [ 0.0, 0.0, 1, 0.0, 1, 1, 0.0, 1 ],
			"glVertexPointer" : 
			[
				3.854569673538208,
				6.202223777770996,
				16.18054199218750,
				6.202223777770996,
				16.18054199218750,
				9.096493721008301,
				3.854569673538208,
				9.096493721008301
			],
			"name" : "image2",
			"opacity" : 0.5,
			"renderOrder" : 1,
			"scale" : 2.894270181655884
		},
		
		{
			"aspectScale" : 2.981017112731934,
			"body" : -1,
			"center" : 
			{
				"x" : 9.995826721191406,
				"y" : 4.053569793701172
			},
			"corners" : 
			{
				"x" : 
				[
					7.298415660858154,
					12.69323825836182,
					12.69323825836182,
					7.298415660858154
				],
				"y" : 
				[
					3.458507537841797,
					3.458507537841797,
					4.648632049560547,
					4.648632049560547
				]
			},
			"customProperties" : 
			[
				
				{
					"name" : "name",
					"string" : "continue_button"
				},
				
				{
					"bool" : true,
					"name" : "button"
				}
			],
			"file" : "../../../../raw-assets/ui/level_menu/level_select/images/box.png",
			"filter" : 1,
			"glDrawElements" : [ 0, 1, 2, 2, 3, 0 ],
			"glTexCoordPointer" : [ 0.0, 0.0, 1, 0.0, 1, 1, 0.0, 1 ],
			"glVertexPointer" : 
			[
				7.298415660858154,
				3.458507537841797,
				12.69323825836182,
				3.458507537841797,
				12.69323825836182,
				4.648632049560547,
				7.298415660858154,
				4.648632049560547
			],
			"name" : "image2",
			"opacity" : 0.5,
			"renderOrder" : 1,
			"scale" : 1.190124511718750
		},
		
		{
			"aspectScale" : 4.479879856109619,
			"body" : -1,
			"center" : 
			{
				"x" : 10.00094795227051,
				"y" : 2.292849779129028
			},
			"corners" : 
			{
				"x" : 
				[
					6.362409591674805,
					13.63948631286621,
					13.63948631286621,
					6.362409591674805
				],
				"y" : 
				[
					1.683307409286499,
					1.683307409286499,
					2.902392148971558,
					2.902392148971558
				]
			},
			"customProperties" : 
			[
				
				{
					"bool" : false,
					"name" : "button"
				}
			],
			"file" : "../../../../raw-assets/ui/next_level/using/box.png",
			"filter" : 1,
			"glDrawElements" : [ 0, 1, 2, 2, 3, 0 ],
			"glTexCoordPointer" : [ 0.0, 0.0, 1, 0.0, 1, 1, 0.0, 1 ],
			"glVertexPointer" : 
			[
				6.362409591674805,
				1.683307409286499,
				13.63948631286621,
				1.683307409286499,
				13.63948631286621,
				2.902392148971558,
				6.362409591674805,
				2.902392148971558
			],
			"name" : "image0",
			"opacity" : 0.5,
			"renderOrder" : 1,
			"scale" : 1.219084858894348
		},
		
		{
			"aspectScale" : 7.861410140991211,
			"body" : -1,
			"center" : 
			{
				"x" : 9.992460250854492,
				"y" : 5.402450084686279
			},
			"corners" : 
			{
				"x" : 
				[
					3.829481124877930,
					16.15543937683106,
					16.15543937683106,
					3.829481124877930
				],
				"y" : 
				[
					4.722825050354004,
					4.722825050354004,
					6.082075119018555,
					6.082075119018555
				]
			},
			"customProperties" : 
			[
				
				{
					"name" : "name",
					"string" : "level_reward_bounds"
				},
				
				{
					"bool" : false,
					"name" : "button"
				}
			],
			"file" : "../../../../raw-assets/ui/next_level/using/empty.png",
			"filter" : 1,
			"glDrawElements" : [ 0, 1, 2, 2, 3, 0 ],
			"glTexCoordPointer" : [ 0.0, 0.0, 1, 0.0, 1, 1, 0.0, 1 ],
			"glVertexPointer" : 
			[
				3.829481124877930,
				4.722825050354004,
				16.15543937683106,
				4.722825050354004,
				16.15543937683106,
				6.082075119018555,
				3.829481124877930,
				6.082075119018555
			],
			"name" : "image2",
			"opacity" : 0.5,
			"renderOrder" : 1,
			"scale" : 1.359249949455261
		},
		
		{
			"aspectScale" : 1.079148054122925,
			"body" : -1,
			"center" : 
			{
				"x" : 10.05738162994385,
				"y" : 2.296496629714966
			},
			"corners" : 
			{
				"x" : 
				[
					6.562318325042725,
					13.55244445800781,
					13.55244445800781,
					6.562318325042725
				],
				"y" : 
				[
					1.705035924911499,
					1.705035924911499,
					2.887957334518433,
					2.887957334518433
				]
			},
			"customProperties" : 
			[
				
				{
					"name" : "name",
					"string" : "main_menu_button"
				},
				
				{
					"bool" : true,
					"name" : "button"
				}
			],