
{
	"allowSleep" : true,
	"autoClearForces" : true,
	"collisionbitplanes" : 
	{
		"names" : 
		[
			"bitplane1",
			"bitplane2",
			"bitplane3",
			"bitplane4",
			"bitplane5",
			"bitplane6",
			"bitplane7",
			"bitplane8",
			"bitplane9",
			"bitplane10",
			"bitplane11",
			"bitplane12",
			"bitplane13",
			"bitplane14",
			"bitplane15",
			"bitplane16",
			"bitplane17",
			"bitplane18",
			"bitplane19",
			"bitplane20",
			"bitplane21",
			"bitplane22",
			"bitplane23",
			"bitplane24",
			"bitplane25",
			"bitplane26",
			"bitplane27",
			"bitplane28",
			"bitplane29",
			"bitplane30",
			"bitplane31",
			"bitplane32"
		]
	},
	"continuousPhysics" : true,
	"gravity" : 
	{
		"x" : 0,
		"y" : -10
	},
	"image" : 
	[
		
		{
			"aspectScale" : 1,
			"body" : -1,
			"center" : 
			{
				"x" : 6.220901489257813,
				"y" : 8.155333518981934
			},
			"corners" : 
			{
				"x" : 
				[
					3.595488309860230,
					8.846314430236816,
					8.846314430236816,
					3.595488309860230
				],
				"y" : 
				[
					7.061772823333740,
					7.061772823333740,
					9.248893737792969,
					9.248893737792969
				]
			},
			"customProperties" : 
			[
				
				{
					"name" : "name",
					"string" : "sandbox_button"
				},
				
				{
					"bool" : true,
					"name" : "button"
				}
			],
			"file" : "../../../../../raw-assets/ui/level_menu/mode_select/images/sandbox.png",
			"filter" : 1,
			"glDrawElements" : [ 0, 1, 2, 2, 3, 0 ],
			"glTexCoordPointer" : [ 0.0, 0.0, 1, 0.0, 1, 1, 0.0, 1 ],
			"glVertexPointer" : 
			[
				3.595488309860230,
				7.061772823333740,
				8.846314430236816,
				7.061772823333740,
				8.846314430236816,
				9.248893737792969,
				3.595488309860230,
				9.248893737792969
			],
			"name" : "image3",
			"opacity" : 0.5,
			"scale" : 2.187121152877808
		},
		
		{
			"aspectScale" : 1,
			"body" : -1,
			"center" : 
			{
				"x" : 13.98823356628418,
				"y" : 8.160010337829590
			},
			"corners" : 
			{
				"x" : 
				[
					11.45466613769531,
					16.52180099487305,
					16.52180099487305,
					11.45466613769531
				],
				"y" : 
				[
					7.100518226623535,
					7.100518226623535,
					9.219502449035645,
					9.219502449035645
				]
			},
			"customProperties" : 
			[
				
				{
					"name" : "name",
					"string" : "survival_button"
				},
				
				{
					"bool" : true,
					"name" : "button"
				}
			],
			"file" : "../../../../../raw-assets/ui/level_menu/mode_select/images/survival.png",
			"filter" : 1,
			"glDrawElements" : [ 0, 1, 2, 2, 3, 0 ],
			"glTexCoordPointer" : [ 0.0, 0.0, 1, 0.0, 1, 1, 0.0, 1 ],
			"glVertexPointer" : 
			[
				11.45466613769531,
				7.100518226623535,
				16.52180099487305,
				7.100518226623535,
				16.52180099487305,
				9.219502449035645,
				11.45466613769531,
				9.219502449035645
			],
			"name" : "image1",
			"opacity" : 0.5,
			"scale" : 2.118983983993530
		},
		
		{
			"aspectScale" : 1,
			"body" : -1,
			"center" : 
			{
				"x" : 10.10739994049072,
				"y" : 5.642549991607666
			},
			"corners" : 
			{
				"x" : 
				[
					-0.01311038527637720,
					20.22791099548340,
					20.22791099548340,
					-0.01311038527637720
				],
				"y" : 
				[
					-0.0492248535156250,
					-0.0492248535156250,
					11.33432483673096,
					11.33432483673096
				]
			},
			"file" : "../../../../../raw-assets/ui/level_menu/mode_select/images/background.jpg",
			"filter" : 1,
			"glDrawElements" : [ 0, 1, 2, 2, 3, 0 ],
			"glTexCoordPointer" : [ 0.0, 0.0, 1, 0.0, 1, 1, 0.0, 1 ],
			"glVertexPointer" : 
			[
				-0.01311038527637720,
				-0.0492248535156250,
				20.22791099548340,
				-0.0492248535156250,
				20.22791099548340,
				11.33432483673096,
				-0.01311038527637720,
				11.33432483673096
			],
			"name" : "image0",
			"opacity" : 0.5,
			"scale" : 11.38354969024658
		},
		
		{
			"aspectScale" : 1,
			"body" : -1,
			"center" : 
			{
				"x" : 13.99712562561035,
				"y" : 5.091255187988281
			},
			"corners" : 
			{
				"x" : 
				[
					11.62833595275879,
					16.36591529846191,
					16.36591529846191,
					11.62833595275879
				],
				"y" : 
				[
					3.525284767150879,
					3.525284767150879,
					6.657225608825684,
					6.657225608825684
				]
			},
			"file" : "../../../../../raw-assets/ui/level_menu/mode_select/images/survival_desc.png",
			"filter" : 1,
			"glDrawElements" : [ 0, 1, 2, 2, 3, 0 ],
			"glTexCoordPointer" : [ 0.0, 0.0, 1, 0.0, 1, 1, 0.0, 1 ],
			"glVertexPointer" : 
			[
				11.62833595275879,
				3.525284767150879,
				16.36591529846191,
				3.525284767150879,
				16.36591529846191,
				6.657225608825684,
				11.62833595275879,
				6.657225608825684
			],
			"name" : "image4",
			"opacity" : 0.5,
			"renderOrder" : 2,
			"scale" : 3.131940841674805
		},
		
		{
			"aspectScale" : 1,
			"body" : -1,
			"center" : 
			{
				"x" : 13.99712562561035,
				"y" : 5.091255187988281
			},
			"corners" : 
			{
				"x" : 
				[
					11.62833595275879,
					16.36591529846191,
					16.36591529846191,
					11.62833595275879
				],
				"y" : 
				[
					3.525284767150879,
					3.525284767150879,
					6.657225608825684,
					6.657225608825684
				]
			},
			"file" : "../../../../../raw-assets/ui/level_menu/mode_select/images/survival_desc.png",
			"filter" : 1,
			"glDrawElements" : [ 0, 1, 2, 2, 3, 0 ],
			"glTexCoordPointer" : [ 0.0, 0.0, 1, 0.0, 1, 1, 0.0, 1 ],
			"glVertexPointer" : 
			[
				11.62833595275879,
				3.525284767150879,
				16.36591529846191,
				3.525284767150879,
				16.36591529846191,
				6.657225608825684,
				11.62833595275879,
				6.657225608825684
			],
			"name" : "image4",
			"opacity" : 0.5,
			"renderOrder" : 2,
			"scale" : 3.131940841674805
		},
		
		{
			"aspectScale" : 1,
			"body" : -1,
			"center" : 
			{
				"x" : 13.99712562561035,
				"y" : 5.091255187988281
			},
			"corners" : 
			{
				"x" : 
				[
					11.62833595275879,
					16.36591529846191,
					16.36591529846191,
					11.62833595275879
				],
				"y" : 
				[
					3.525284767150879,
					3.525284767150879,
					6.657225608825684,
					6.657225608825684
				]
			},
			"file" : "../../../../../raw-assets/ui/level_menu/mode_select/images/survival_desc.png",
			"filter" : 1,
			"glDrawElements" : [ 0, 1, 2, 2, 3, 0 ],
			"glTexCoordPointer" : [ 0.0, 0.0, 1, 0.0, 1, 1, 0.0, 1 ],
			"glVertexPointer" : 
			[
				11.62833595275879,
				3.525284767150879,
				16.36591529846191,
				3.525284767150879,
				16.36591529846191,
				6.657225608825684,
				11.62833595275879,
				6.657225608825684
			],
			"name" : "image4",
			"opacity" : 0.5,
			"renderOrder" : 2,
			"scale" : 3.131940841674805
		},
		
		{
			"aspectScale" : 1,
			"body" : -1,
			"center" : 
			{
				"x" : 5.966289043426514,
				"y" : 5.248739719390869
			},
			"corners" : 
			{
				"x" : 
				[
					3.597499132156372,
					8.335079193115234,
					8.335079193115234,
					3.597499132156372
				],
				"y" : 
				[
					3.682769298553467,
					3.682769298553467,
					6.814710140228272,
					6.814710140228272
				]
			},
			"file" : "../../../../../raw-assets/ui/level_menu/mode_select/images/sandbox_desc.png",
			"filter" : 1,
			"glDrawElements" : [ 0, 1, 2, 2, 3, 0 ],
			"glTexCoordPointer" : [ 0.0, 0.0, 1, 0.0, 1, 1, 0.0, 1 ],
			"glVertexPointer" : 
			[
				3.597499132156372,
				3.682769298553467,
				8.335079193115234,
				3.682769298553467,
				8.335079193115234,
				6.814710140228272,
				3.597499132156372,
				6.814710140228272
			],
			"name" : "image2",
			"opacity" : 0.5,
			"renderOrder" : 3,
			"scale" : 3.131940841674805
		},
		
		{
			"aspectScale" : 0.6538462638854981,
			"body" : -1,
			"center" : 
			{
				"x" : 8.470280647277832,