
{
	"allowSleep" : true,
	"autoClearForces" : true,
	"collisionbitplanes" : 
	{
		"names" : 
		[
			"bitplane1",
			"bitplane2",
			"bitplane3",
			"bitplane4",
			"bitplane5",
			"bitplane6",
			"bitplane7",
			"bitplane8",
			"bitplane9",
			"bitplane10",
			"bitplane11",
			"bitplane12",
			"bitplane13",
			"bitplane14",
			"bitplane15",
			"bitplane16",
			"bitplane17",
			"bitplane18",
			"bitplane19",
			"bitplane20",
			"bitplane21",
			"bitplane22",
			"bitplane23",
			"bitplane24",
			"bitplane25",
			"bitplane26",
			"bitplane27",
			"bitplane28",
			"bitplane29",
			"bitplane30",
			"bitplane31",
			"bitplane32"
		]
	},
	"continuousPhysics" : true,
	"gravity" : 
	{
		"x" : 0,
		"y" : -10
	},
	"image" : 
	[
		
		{
			"aspectScale" : 1,
			"body" : -1,
			"center" : 
			{
				"x" : 3.098604917526245,
				"y" : 10.18751907348633
			},
			"corners" : 
			{
				"x" : 
				[
					2.077435493469238,
					4.119774341583252,
					4.119774341583252,
					2.077435493469238
				],
				"y" : 
				[
					9.302247047424316,
					9.302247047424316,
					11.07279109954834,
					11.07279109954834
				]
			},
			"customProperties" : 
			[
				
				{
					"name" : "name",
					"string" : "powerup_button_2"
				},
				
				{
					"bool" : true,
					"name" : "button"
				}
			],
			"file" : "../../../../../raw-assets/ui/game_ui/survival_ui/images/box.png",
			"filter" : 1,
			"glDrawElements" : [ 0, 1, 2, 2, 3, 0 ],
			"glTexCoordPointer" : [ 0.0, 0.0, 1, 0.0, 1, 1, 0.0, 1 ],
			"glVertexPointer" : 
			[
				2.077435493469238,
				9.302247047424316,
				4.119774341583252,
				9.302247047424316,
				4.119774341583252,
				11.07279109954834,
				2.077435493469238,
				11.07279109954834
			],
			"name" : "image1",
			"opacity" : 0.5,
			"scale" : 1.770544886589050
		},
		
		{
			"aspectScale" : 1,
			"body" : -1,
			"center" : 
			{
				"x" : 7.180449485778809,
				"y" : 10.18457603454590
			},
			"corners" : 
			{
				"x" : 
				[
					6.159279823303223,
					8.201619148254395,
					8.201619148254395,
					6.159279823303223
				],
				"y" : 
				[
					9.299304008483887,
					9.299304008483887,
					11.06984806060791,
					11.06984806060791
				]
			},
			"customProperties" : 
			[
				
				{
					"name" : "name",
					"string" : "powerup_button_4"
				},
				
				{
					"bool" : true,
					"name" : "button"
				}
			],
			"file" : "../../../../../raw-assets/ui/game_ui/survival_ui/images/box.png",
			"filter" : 1,
			"glDrawElements" : [ 0, 1, 2, 2, 3, 0 ],
			"glTexCoordPointer" : [ 0.0, 0.0, 1, 0.0, 1, 1, 0.0, 1 ],
			"glVertexPointer" : 
			[
				6.159279823303223,
				9.299304008483887,
				8.201619148254395,
				9.299304008483887,
				8.201619148254395,
				11.06984806060791,
				6.159279823303223,
				11.06984806060791
			],
			"name" : "image6",
			"opacity" : 0.5,
			"scale" : 1.770544886589050
		},
		
		{
			"aspectScale" : 1,
			"body" : -1,
			"center" : 
			{
				"x" : 17.75506210327148,
				"y" : 1.023390769958496
			},
			"corners" : 
			{
				"x" : 
				[
					16.67860984802246,
					18.83151435852051,
					18.83151435852051,
					16.67860984802246
				],
				"y" : 
				[
					0.4147424697875977,
					0.4147424697875977,
					1.632039070129395,
					1.632039070129395
				]
			},
			"customProperties" : 
			[
				
				{
					"name" : "name",
					"string" : "right_arrow"
				},
				
				{
					"bool" : true,
					"name" : "hidden"
				}
			],
			"file" : "../../../../../raw-assets/ui/game_ui/sandbox_ui/images/arrow1.png",
			"filter" : 1,
			"glDrawElements" : [ 0, 1, 2, 2, 3, 0 ],
			"glTexCoordPointer" : [ 0.0, 0.0, 1, 0.0, 1, 1, 0.0, 1 ],
			"glVertexPointer" : 
			[
				16.67860984802246,
				0.4147424697875977,
				18.83151435852051,
				0.4147424697875977,
				18.83151435852051,
				1.632039070129395,
				16.67860984802246,
				1.632039070129395
			],
			"name" : "image2",
			"opacity" : 0.5,
			"scale" : 1.217296600341797
		},
		
		{
			"aspectScale" : 1,
			"body" : -1,
			"center" : 
			{
				"x" : 15.93521404266357,
				"y" : 10.02436542510986
			},
			"corners" : 
			{
				"x" : 
				[
					14.91487979888916,
					16.95554733276367,
					16.95554733276367,
					14.91487979888916
				],
				"y" : 
				[
					9.143354415893555,
					9.143354415893555,
					10.90537643432617,
					10.90537643432617
				]
			},
			"customProperties" : 
			[
				
				{
					"name" : "name",
					"string" : "zombie_button"
				},
				
				{
					"bool" : true,
					"name" : "button"
				}
			],
			"file" : "../../../../../raw-assets/ui/game_ui/sandbox_ui/images/zombiebutton.png",
			"filter" : 1,
			"glDrawElements" : [ 0, 1, 2, 2, 3, 0 ],
			"glTexCoordPointer" : [ 0.0, 0.0, 1, 0.0, 1, 1, 0.0, 1 ],
			"glVertexPointer" : 
			[
				14.91487979888916,
				9.143354415893555,
				16.95554733276367,
				9.143354415893555,
				16.95554733276367,
				10.90537643432617,
				14.91487979888916,
				10.90537643432617
			],
			"name" : "image5",
			"opacity" : 0.5,
			"scale" : 1.762022852897644
		},
		
		{
			"aspectScale" : 1.382375478744507,
			"body" : -1,
			"center" : 
			{
				"x" : 5.500387668609619,
				"y" : 5.321865558624268
			},
			"corners" : 
			{
				"x" : 
				[
					-0.01820769160985947,
					11.01898288726807,
					11.01898288726807,
					-0.01820769160985947
				],
				"y" : 
				[
					1.861024618148804,
					1.861024618148804,
					8.782706260681152,
					8.782706260681152
				]
			},
			"customProperties" : 
			[
				
				{
					"name" : "name",
					"string" : "powerup_bounds"
				}
			],
			"file" : "../../../../../raw-assets/ui/game_ui/sandbox_ui/images/empty.png",
			"filter" : 1,
			"glDrawElements" : [ 0, 1, 2, 2, 3, 0 ],
			"glTexCoordPointer" : [ 0.0, 0.0, 1, 0.0, 1, 1, 0.0, 1 ],
			"glVertexPointer" : 
			[
				-0.01820769160985947,
				1.861024618148804,
				11.01898288726807,
				1.861024618148804,
				11.01898288726807,
				8.782706260681152,
				-0.01820769160985947,
				8.782706260681152
			],
			"name" : "image0",
			"opacity" : 0.5,
			"scale" : 6.921681880950928
		},
		
		{
			"aspectScale" : 1,
			"body" : -1,
			"center" : 
			{
				"x" : 1.051712870597839,
				"y" : 10.18711757659912
			},
			"corners" : 
			{
				"x" : 
				[
					0.03153855353593826,
					2.071887254714966,
					2.071887254714966,
					0.03153855353593826
				],
				"y" : 
				[
					9.302707672119141,
					9.302707672119141,
					11.07152748107910,
					11.07152748107910
				]
			},
			"customProperties" : 
			[
				
				{
					"name" : "name",
					"string" : "powerup_button_1"
				},
				
				{
					"bool" : true,
					"name" : "button"
				}
			],
			"file" : "../../../../../raw-assets/ui/game_ui/survival_ui/images/box.png",
			"filter" : 1,
			"glDrawElements" : [ 0, 1, 2, 2, 3, 0 ],
			"glTexCoordPointer" : [ 0.0, 0.0, 1, 0.0, 1, 1, 0.0, 1 ],
			"glVertexPointer" : 
			[
				0.03153855353593826,
				9.302707672119141,
				2.071887254714966,
				9.302707672119141,
				2.071887254714966,
				11.07152748107910,
				0.03153855353593826,
				11.07152748107910
			],
			"name" : "image2",
			"opacity" : 0.5,
			"scale" : 1.768819332122803
		},
		
		{
			"aspectScale" : 0.7419500350952148,
			"body" : -1,
			"center" : 
			{
				"x" : 15.88902759552002,
				"y" : 5.390775680541992
			},
			"corners" : 
			{
				"x" : 
				[
					12.95013141632080,
					18.82792282104492,
					18.82792282104492,
					12.95013141632080
				],
				"y" : 
				[
					1.956867456436157,
					1.956867456436157,
					8.824684143066406,
					8.824684143066406
				]
			},
			"customProperties" : 
			[
				
				{
					"name" : "name",