
{
	"allowSleep" : true,
	"autoClearForces" : true,
	"collisionbitplanes" : 
	{
		"names" : 
		[
			"bitplane1",
			"bitplane2",
			"bitplane3",
			"bitplane4",
			"bitplane5",
			"bitplane6",
			"bitplane7",
			"bitplane8",
			"bitplane9",
			"bitplane10",
			"bitplane11",
			"bitplane12",
			"bitplane13",
			"bitplane14",
			"bitplane15",
			"bitplane16",
			"bitplane17",
			"bitplane18",
			"bitplane19",
			"bitplane20",
			"bitplane21",
			"bitplane22",
			"bitplane23",
			"bitplane24",
			"bitplane25",
			"bitplane26",
			"bitplane27",
			"bitplane28",
			"bitplane29",
			"bitplane30",
			"bitplane31",
			"bitplane32"
		]
	},
	"continuousPhysics" : true,
	"gravity" : 
	{
		"x" : 0,
		"y" : -10
	},
	"image" : 
	[
		
		{
			"aspectScale" : 1,
			"body" : -1,
			"center" : 
			{
				"x" : 3.099367856979370,
				"y" : 10.18241119384766
			},
			"corners" : 
			{
				"x" : 
				[
					2.078198432922363,
					4.120537281036377,
					4.120537281036377,
					2.078198432922363
				],
				"y" : 
				[
					9.297139167785645,
					9.297139167785645,
					11.06768321990967,
					11.06768321990967
				]
			},
			"customProperties" : 
			[
				
				{
					"name" : "name",
					"string" : "powerup_button_2"
				},
				
				{
					"bool" : true,
					"name" : "button"
				}
			],
			"file" : "../../../../../raw-assets/ui/game_ui/survival_ui/images/box.png",
			"filter" : 1,
			"glDrawElements" : [ 0, 1, 2, 2, 3, 0 ],
			"glTexCoordPointer" : [ 0.0, 0.0, 1, 0.0, 1, 1, 0.0, 1 ],
			"glVertexPointer" : 
			[
				2.078198432922363,
				9.297139167785645,
				4.120537281036377,
				9.297139167785645,
				4.120537281036377,
				11.06768321990967,
				2.078198432922363,
				11.06768321990967
			],
			"name" : "image1",
			"opacity" : 0.5,
			"scale" : 1.770544886589050
		},
		
		{
			"aspectScale" : 1,
			"body" : -1,
			"center" : 
			{
				"x" : 5.140219211578369,
				"y" : 10.18123149871826
			},
			"corners" : 
			{
				"x" : 
				[
					4.119049549102783,
					6.161388874053955,
					6.161388874053955,
					4.119049549102783
				],
				"y" : 
				[
					9.295959472656250,
					9.295959472656250,
					11.06650352478027,
					11.06650352478027
				]
			},
			"customProperties" : 
			[
				
				{
					"name" : "name",
					"string" : "powerup_button_3"
				},
				
				{
					"bool" : true,
					"name" : "button"
				}
			],
			"file" : "../../../../../raw-assets/ui/game_ui/survival_ui/images/box.png",
			"filter" : 1,
			"glDrawElements" : [ 0, 1, 2, 2, 3, 0 ],
			"glTexCoordPointer" : [ 0.0, 0.0, 1, 0.0, 1, 1, 0.0, 1 ],
			"glVertexPointer" : 
			[
				4.119049549102783,
				9.295959472656250,
				6.161388874053955,
				9.295959472656250,
				6.161388874053955,
				11.06650352478027,
				4.119049549102783,
				11.06650352478027
			],
			"name" : "image5",
			"opacity" : 0.5,
			"scale" : 1.770544886589050
		},
		
		{
			"aspectScale" : 1,
			"body" : -1,
			"center" : 
			{
				"x" : 15.95252609252930,
				"y" : 10.28404235839844
			},
			"corners" : 
			{
				"x" : 
				[
					14.93219184875488,
					16.97286033630371,
					16.97286033630371,
					14.93219184875488
				],
				"y" : 
				[
					9.403031349182129,
					9.403031349182129,
					11.16505336761475,
					11.16505336761475
				]
			},
			"customProperties" : 
			[
				
				{
					"name" : "name",
					"string" : "monster_button"
				},
				
				{
					"bool" : false,
					"name" : "button"
				}
			],
			"file" : "../../../../../raw-assets/ui/game_ui/sandbox_ui/images/zombiebutton.png",
			"filter" : 1,
			"glDrawElements" : [ 0, 1, 2, 2, 3, 0 ],
			"glTexCoordPointer" : [ 0.0, 0.0, 1, 0.0, 1, 1, 0.0, 1 ],
			"glVertexPointer" : 
			[
				14.93219184875488,
				9.403031349182129,
				16.97286033630371,
				9.403031349182129,
				16.97286033630371,
				11.16505336761475,
				14.93219184875488,
				11.16505336761475
			],
			"name" : "image5",
			"opacity" : 0.5,
			"scale" : 1.762022852897644
		},
		
		{
			"aspectScale" : 1,
			"body" : -1,
			"center" : 
			{
				"x" : 18.98887634277344,
				"y" : 10.326660156250
			},
			"corners" : 
			{
				"x" : 
				[
					18.00104904174805,
					19.97670364379883,
					19.97670364379883,
					18.00104904174805
				],
				"y" : 
				[
					9.439949035644531,
					9.439949035644531,
					11.21337127685547,
					11.21337127685547
				]
			},
			"customProperties" : 
			[
				
				{
					"name" : "name",
					"string" : "pause_button"
				},
				
				{
					"bool" : true,
					"name" : "button"
				}
			],
			"file" : "../../../../../raw-assets/ui/game_ui/survival_ui/images/pause.png",
			"filter" : 1,
			"glDrawElements" : [ 0, 1, 2, 2, 3, 0 ],
			"glTexCoordPointer" : [ 0.0, 0.0, 1, 0.0, 1, 1, 0.0, 1 ],
			"glVertexPointer" : 
			[
				18.00104904174805,
				9.439949035644531,
				19.97670364379883,
				9.439949035644531,
				19.97670364379883,
				11.21337127685547,
				18.00104904174805,
				11.21337127685547
			],
			"name" : "image4",
			"opacity" : 0.5,
			"scale" : 1.773422479629517
		},
		
		{
			"aspectScale" : 1,
			"body" : -1,
			"center" : 
			{
				"x" : 11.18101787567139,
				"y" : 10.10245895385742
			},
			"corners" : 
			{
				"x" : 
				[
					9.412423133850098,
					12.94961261749268,
					12.94961261749268,
					9.412423133850098
				],
				"y" : 
				[
					9.602458953857422,
					9.602458953857422,
					10.60245895385742,
					10.60245895385742
				]
			},
			"customProperties" : 
			[
				
				{
					"name" : "name",
					"string" : "camera_movement_button"
				}
			],
			"file" : "../../../../../raw-assets/ui/game_ui/sandbox_ui/images/camera_movement.png",
			"filter" : 1,
			"glDrawElements" : [ 0, 1, 2, 2, 3, 0 ],
			"glTexCoordPointer" : [ 0.0, 0.0, 1, 0.0, 1, 1, 0.0, 1 ],
			"glVertexPointer" : 
			[
				9.412423133850098,
				9.602458953857422,
				12.94961261749268,
				9.602458953857422,
				12.94961261749268,
				10.60245895385742,
				9.412423133850098,
				10.60245895385742
			],
			"name" : "image3",
			"opacity" : 0.5,
			"scale" : 1
		},
		
		{
			"aspectScale" : 1,
			"body" : -1,
			"center" : 
			{
				"x" : 1.052475810050964,
				"y" : 10.18200969696045
			},
			"corners" : 
			{
				"x" : 
				[
					0.03230149298906326,
					2.072650194168091,
					2.072650194168091,
					0.03230149298906326
				],
				"y" : 
				[
					9.297599792480469,
					9.297599792480469,
					11.06641960144043,
					11.06641960144043
				]
			},
			"customProperties" : 
			[
				
				{
					"name" : "name",
					"string" : "powerup_button_1"
				},
				
				{
					"bool" : true,
					"name" : "button"
				}
			],
			"file" : "../../../../../raw-assets/ui/game_ui/survival_ui/images/box.png",
			"filter" : 1,
			"glDrawElements" : [ 0, 1, 2, 2, 3, 0 ],
			"glTexCoordPointer" : [ 0.0, 0.0, 1, 0.0, 1, 1, 0.0, 1 ],
			"glVertexPointer" : 
			[
				0.03230149298906326,
				9.297599792480469,
				2.072650194168091,
				9.297599792480469,
				2.072650194168091,
				11.06641960144043,
				0.03230149298906326,
				11.06641960144043
			],
			"name" : "image2",
			"opacity" : 0.5,
			"scale" : 1.768819332122803
		},
		
		{
			"aspectScale" : 0.7419500350952148,
			"body" : -1,
			"center" : 
			{
				"x" : 15.88899993896484,
				"y" : 5.771639347076416
			},
			"corners" : 
			{
				"x" : 
				[
					12.95010375976563,
					18.82789611816406,
					18.82789611816406,
					12.95010375976563
				],
				"y" : 
				[
					2.337731122970581,
					2.337731122970581,
					9.205547332763672,
					9.205547332763672
				]
			},
			"customProperties" : 
			[
				
				{
					"name" : "name",
					"string" : "monster_menu_bounds"
				}
			],