
{
	"allowSleep" : true,
	"autoClearForces" : true,
	"collisionbitplanes" : 
	{
		"names" : 
		[
			"bitplane1",
			"bitplane2",
			"bitplane3",
			"bitplane4",
			"bitplane5",
			"bitplane6",
			"bitplane7",
			"bitplane8",
			"bitplane9",
			"bitplane10",
			"bitplane11",
			"bitplane12",
			"bitplane13",
			"bitplane14",
			"bitplane15",
			"bitplane16",
			"bitplane17",
			"bitplane18",
			"bitplane19",
			"bitplane20",
			"bitplane21",
			"bitplane22",
			"bitplane23",
			"bitplane24",
			"bitplane25",
			"bitplane26",
			"bitplane27",
			"bitplane28",
			"bitplane29",
			"bitplane30",
			"bitplane31",
			"bitplane32"
		]
	},
	"continuousPhysics" : true,
	"gravity" : 
	{
		"x" : 0,
		"y" : -10
	},
	"image" : 
	[
		
		{
			"aspectScale" : 1,
			"body" : -1,
			"center" : 
			{
				"x" : 5.865608215332031,
				"y" : 6.750423908233643
			},
			"corners" : 
			{
				"x" : 
				[
					5.006433963775635,
					6.724782466888428,
					6.724782466888428,
					5.006433963775635
				],
				"y" : 
				[
					6.008409500122070,
					6.008409500122070,
					7.492438316345215,
					7.492438316345215
				]
			},
			"customProperties" : 
			[
				
				{
					"name" : "name",
					"string" : "up_button"
				},
				
				{
					"bool" : true,
					"name" : "button"
				}
			],
			"file" : "../../../../raw-assets/ui/store/using_images/up_arrow.png",
			"filter" : 1,
			"glDrawElements" : [ 0, 1, 2, 2, 3, 0 ],
			"glTexCoordPointer" : [ 0.0, 0.0, 1, 0.0, 1, 1, 0.0, 1 ],
			"glVertexPointer" : 
			[
				5.006433963775635,
				6.008409500122070,
				6.724782466888428,
				6.008409500122070,
				6.724782466888428,
				7.492438316345215,
				5.006433963775635,
				7.492438316345215
			],
			"name" : "image5",
			"opacity" : 0.5,
			"renderOrder" : -1,
			"scale" : 1.484028458595276
		},
		
		{
			"aspectScale" : 1,
			"body" : -1,
			"center" : 
			{
				"x" : 5.838298320770264,
				"y" : 4.678469181060791
			},
			"corners" : 
			{
				"x" : 
				[
					5.063090801239014,
					6.613505840301514,
					6.613505840301514,
					5.063090801239014
				],
				"y" : 
				[
					4.008971691131592,
					4.008971691131592,
					5.347966670989990,
					5.347966670989990
				]
			},
			"customProperties" : 
			[
				
				{
					"name" : "name",
					"string" : "down_button"
				},
				
				{
					"bool" : true,
					"name" : "button"
				}
			],
			"file" : "../../../../raw-assets/ui/store/using_images/down_arrow.png",
			"filter" : 1,
			"glDrawElements" : [ 0, 1, 2, 2, 3, 0 ],
			"glTexCoordPointer" : [ 0.0, 0.0, 1, 0.0, 1, 1, 0.0, 1 ],
			"glVertexPointer" : 
			[
				5.063090801239014,
				4.008971691131592,
				6.613505840301514,
				4.008971691131592,
				6.613505840301514,
				5.347966670989990,
				5.063090801239014,
				5.347966670989990
			],
			"name" : "image6",
			"opacity" : 0.5,
			"renderOrder" : -1,
			"scale" : 1.338994860649109
		},
		
		{
			"aspectScale" : 1.538847565650940,
			"body" : -1,
			"center" : 
			{
				"x" : 13.25202178955078,
				"y" : 6.092182636260986
			},
			"corners" : 
			{
				"x" : 
				[
					6.516630649566650,
					19.98741340637207,
					19.98741340637207,
					6.516630649566650
				],
				"y" : 
				[
					2.297754526138306,
					2.297754526138306,
					9.886610984802246,
					9.886610984802246
				]
			},
			"customProperties" : 
			[
				
				{
					"name" : "name",
					"string" : "store_guy_bounds"
				}
			],
			"file" : "../../../../raw-assets/ui/store/using_images/empty.png",
			"filter" : 1,
			"glDrawElements" : [ 0, 1, 2, 2, 3, 0 ],
			"glTexCoordPointer" : [ 0.0, 0.0, 1, 0.0, 1, 1, 0.0, 1 ],
			"glVertexPointer" : 
			[
				6.516630649566650,
				2.297754526138306,
				19.98741340637207,
				2.297754526138306,
				19.98741340637207,
				9.886610984802246,
				6.516630649566650,
				9.886610984802246
			],
			"name" : "image0",
			"opacity" : 0.5,
			"scale" : 7.588856220245361
		},
		
		{
			"aspectScale" : 1,
			"body" : -1,
			"center" : 
			{
				"x" : 9.990930557250977,
				"y" : 5.624446868896484
			},
			"corners" : 
			{
				"x" : 
				[
					-0.0004966208944097161,
					19.98235702514648,
					19.98235702514648,
					-0.0004966208944097161
				],
				"y" : 
				[
					0.004269123077392578,
					0.004269123077392578,
					11.24462509155273,
					11.24462509155273
				]
			},
			"file" : "../../../../raw-assets/ui/store/using_images/storeback.png",
			"filter" : 1,
			"glDrawElements" : [ 0, 1, 2, 2, 3, 0 ],
			"glTexCoordPointer" : [ 0.0, 0.0, 1, 0.0, 1, 1, 0.0, 1 ],
			"glVertexPointer" : 
			[
				-0.0004966208944097161,
				0.004269123077392578,
				19.98235702514648,
				0.004269123077392578,
				19.98235702514648,
				11.24462509155273,
				-0.0004966208944097161,
				11.24462509155273
			],
			"name" : "image3",
			"opacity" : 0.5,
			"scale" : 11.24035549163818
		},
		
		{
			"aspectScale" : 1,
			"body" : -1,
			"center" : 
			{
				"x" : 9.985750198364258,
				"y" : 5.619050025939941
			},
			"corners" : 
			{
				"x" : 
				[
					0.02099623158574104,
					19.95050430297852,
					19.95050430297852,
					0.02099623158574104
				],
				"y" : 
				[
					0.01387596130371094,
					0.01387596130371094,
					11.22422409057617,
					11.22422409057617
				]
			},
			"customProperties" : 
			[
				
				{
					"name" : "name",
					"string" : "overlay"
				},
				
				{
					"bool" : false,
					"name" : "button"
				}
			],
			"file" : "../../../../raw-assets/ui/store/using_images/store_front.png",
			"filter" : 1,
			"glDrawElements" : [ 0, 1, 2, 2, 3, 0 ],
			"glTexCoordPointer" : [ 0.0, 0.0, 1, 0.0, 1, 1, 0.0, 1 ],
			"glVertexPointer" : 
			[
				0.02099623158574104,
				0.01387596130371094,
				19.95050430297852,
				0.01387596130371094,
				19.95050430297852,
				11.22422409057617,
				0.02099623158574104,
				11.22422409057617
			],
			"name" : "image2",
			"opacity" : 0.5,
			"renderOrder" : 1,
			"scale" : 11.21034812927246
		},
		
		{
			"aspectScale" : 1,
			"body" : -1,
			"center" : 
			{
				"x" : 18.38125991821289,
				"y" : 10.52640056610107
			},
			"corners" : 
			{
				"x" : 
				[
					17.0998535156250,
					19.66266632080078,
					19.66266632080078,
					17.0998535156250
				],
				"y" : 
				[
					9.963065147399902,
					9.963065147399902,
					11.08973598480225,
					11.08973598480225
				]
			},
			"customProperties" : 
			[
				
				{
					"name" : "name",
					"string" : "back_button"
				},
				
				{
					"bool" : true,
					"name" : "button"
				}
			],
			"file" : "../../../../raw-assets/ui/store/using_images/back.png",
			"filter" : 1,
			"glDrawElements" : [ 0, 1, 2, 2, 3, 0 ],
			"glTexCoordPointer" : [ 0.0, 0.0, 1, 0.0, 1, 1, 0.0, 1 ],
			"glVertexPointer" : 
			[
				17.0998535156250,
				9.963065147399902,
				19.66266632080078,
				9.963065147399902,
				19.66266632080078,
				11.08973598480225,
				17.0998535156250,
				11.08973598480225
			],
			"name" : "image4",
			"opacity" : 0.5,
			"renderOrder" : 3,
			"scale" : 1.126670598983765
		},
		
		{
			"aspectScale" : 1,
			"body" : -1,
			"center" : 
			{
				"x" : 18.73813247680664,
				"y" : 3.136416196823120
			},
			"corners" : 
			{
				"x" : 
				[
					17.92614555358887,
					19.55011940002441,
					19.55011940002441,
					17.92614555358887
				],
				"y" : 
				[
					2.389824867248535,
					2.389824867248535,
					3.883007526397705,
					3.883007526397705
				]
			},
			"customProperties" : 
			[
				
				{
					"name" : "name",
					"string" : "button4"
				},
				
				{
					"bool" : true,
					"name" : "button"
				}
			],
			"file" : "../../../../raw-assets/ui/store/using_images/button_up.png",