
{
	"allowSleep" : true,
	"autoClearForces" : true,
	"collisionbitplanes" : 
	{
		"names" : 
		[
			"bitplane1",
			"bitplane2",
			"bitplane3",
			"bitplane4",
			"bitplane5",
			"bitplane6",
			"bitplane7",
			"bitplane8",
			"bitplane9",
			"bitplane10",
			"bitplane11",
			"bitplane12",
			"bitplane13",
			"bitplane14",
			"bitplane15",
			"bitplane16",
			"bitplane17",
			"bitplane18",
			"bitplane19",
			"bitplane20",
			"bitplane21",
			"bitplane22",
			"bitplane23",
			"bitplane24",
			"bitplane25",
			"bitplane26",
			"bitplane27",
			"bitplane28",
			"bitplane29",
			"bitplane30",
			"bitplane31",
			"bitplane32"
		]
	},
	"continuousPhysics" : true,
	"gravity" : 
	{
		"x" : 0,
		"y" : -10
	},
	"image" : 
	[
		
		{
			"aspectScale" : 1,
			"body" : -1,
			"center" : 
			{
				"x" : 9.979062080383301,
				"y" : 5.609951019287109
			},
			"corners" : 
			{
				"x" : 
				[
					0.01918924413621426,
					19.93893432617188,
					19.93893432617188,
					0.01918924413621426
				],
				"y" : 
				[
					0.008518695831298828,
					0.008518695831298828,
					11.21138381958008,
					11.21138381958008
				]
			},
			"file" : "../../../../../raw-assets/ui/level_menu/level_select/images/background.jpg",
			"filter" : 1,
			"glDrawElements" : [ 0, 1, 2, 2, 3, 0 ],
			"glTexCoordPointer" : [ 0.0, 0.0, 1, 0.0, 1, 1, 0.0, 1 ],
			"glVertexPointer" : 
			[
				0.01918924413621426,
				0.008518695831298828,
				19.93893432617188,
				0.008518695831298828,
				19.93893432617188,
				11.21138381958008,
				0.01918924413621426,
				11.21138381958008
			],
			"name" : "image3",
			"opacity" : 0.5,
			"scale" : 11.20286464691162
		},
		
		{
			"aspectScale" : 0.3439698517322540,
			"body" : -1,
			"center" : 
			{
				"x" : 18.18699073791504,
				"y" : 4.885615825653076
			},
			"corners" : 
			{
				"x" : 
				[
					16.70602416992188,
					19.66795730590820,
					19.66795730590820,
					16.70602416992188
				],
				"y" : 
				[
					1.153079271316528,
					1.153079271316528,
					8.618152618408203,
					8.618152618408203
				]
			},
			"customProperties" : 
			[
				
				{
					"name" : "name",
					"string" : "description_bounds"
				}
			],
			"file" : "../../../../../raw-assets/ui/level_menu/level_select/images/empty.png",
			"filter" : 1,
			"glDrawElements" : [ 0, 1, 2, 2, 3, 0 ],
			"glTexCoordPointer" : [ 0.0, 0.0, 1, 0.0, 1, 1, 0.0, 1 ],
			"glVertexPointer" : 
			[
				16.70602416992188,
				1.153079271316528,
				19.66795730590820,
				1.153079271316528,
				19.66795730590820,
				8.618152618408203,
				16.70602416992188,
				8.618152618408203
			],
			"name" : "image5",
			"opacity" : 0.5,
			"renderOrder" : 1,
			"scale" : 7.465073108673096
		},
		
		{
			"aspectScale" : 1.328583359718323,
			"body" : -1,
			"center" : 
			{
				"x" : 10.48118209838867,
				"y" : 4.896129131317139
			},
			"corners" : 
			{
				"x" : 
				[
					4.860013961791992,
					16.10235023498535,
					16.10235023498535,
					4.860013961791992
				],
				"y" : 
				[
					1.228234529495239,
					1.228234529495239,
					8.564023971557617,
					8.564023971557617
				]
			},
			"customProperties" : 
			[
				
				{
					"name" : "name",
					"string" : "level_list_bounds"
				}
			],
			"file" : "../../../../../raw-assets/ui/level_menu/level_select/images/empty.png",
			"filter" : 1,
			"glDrawElements" : [ 0, 1, 2, 2, 3, 0 ],
			"glTexCoordPointer" : [ 0.0, 0.0, 1, 0.0, 1, 1, 0.0, 1 ],
			"glVertexPointer" : 
			[
				4.860013961791992,
				1.228234529495239,
				16.10235023498535,
				1.228234529495239,
				16.10235023498535,
				8.564023971557617,
				4.860013961791992,
				8.564023971557617
			],
			"name" : "image5",
			"opacity" : 0.5,
			"renderOrder" : 1,
			"scale" : 7.335789203643799
		},
		
		{
			"aspectScale" : 0.9458249211311340,
			"body" : -1,
			"center" : 
			{
				"x" : 10.46340942382813,
				"y" : 4.861755847930908
			},
			"corners" : 
			{
				"x" : 
				[
					4.376988887786865,
					16.54982948303223,
					16.54982948303223,
					4.376988887786865
				],
				"y" : 
				[
					0.6298995018005371,
					0.6298995018005371,
					9.093612670898438,
					9.093612670898438
				]
			},
			"file" : "../../../../../raw-assets/ui/level_menu/level_select/images/box.png",
			"filter" : 1,
			"glDrawElements" : [ 0, 1, 2, 2, 3, 0 ],
			"glTexCoordPointer" : [ 0.0, 0.0, 1, 0.0, 1, 1, 0.0, 1 ],
			"glVertexPointer" : 
			[
				4.376988887786865,
				0.6298995018005371,
				16.54982948303223,
				0.6298995018005371,
				16.54982948303223,
				9.093612670898438,
				4.376988887786865,
				9.093612670898438
			],
			"name" : "image2",
			"opacity" : 0.5,
			"renderOrder" : 1,
			"scale" : 8.463712692260742
		},
		
		{
			"aspectScale" : 1,
			"body" : -1,
			"center" : 
			{
				"x" : 10.8922586441040,
				"y" : 9.950826644897461
			},
			"corners" : 
			{
				"x" : 
				[
					6.301832675933838,
					15.48268413543701,
					15.48268413543701,
					6.301832675933838
				],
				"y" : 
				[
					9.179385185241699,
					9.179385185241699,
					10.72226810455322,
					10.72226810455322
				]
			},
			"file" : "../../../../../raw-assets/ui/level_menu/level_select/images/level_select_label.png",
			"filter" : 1,
			"glDrawElements" : [ 0, 1, 2, 2, 3, 0 ],
			"glTexCoordPointer" : [ 0.0, 0.0, 1, 0.0, 1, 1, 0.0, 1 ],
			"glVertexPointer" : 
			[
				6.301832675933838,
				9.179385185241699,
				15.48268413543701,
				9.179385185241699,
				15.48268413543701,
				10.72226810455322,
				6.301832675933838,
				10.72226810455322
			],
			"name" : "image4",
			"opacity" : 0.5,
			"renderOrder" : 1,
			"scale" : 1.542883515357971
		},
		
		{
			"aspectScale" : 1,
			"body" : -1,
			"center" : 
			{
				"x" : 2.544725179672241,
				"y" : 10.17547798156738
			},
			"corners" : 
			{
				"x" : 
				[
					0.9562228918075562,
					4.133227348327637,
					4.133227348327637,
					0.9562228918075562
				],
				"y" : 
				[
					9.477136611938477,
					9.477136611938477,
					10.87381935119629,
					10.87381935119629
				]
			},
			"customProperties" : 
			[
				
				{
					"name" : "name",
					"string" : "back_button"
				},
				
				{
					"bool" : true,
					"name" : "button"
				}
			],
			"file" : "../../../../../raw-assets/ui/level_menu/level_select/images/back.png",
			"filter" : 1,
			"glDrawElements" : [ 0, 1, 2, 2, 3, 0 ],
			"glTexCoordPointer" : [ 0.0, 0.0, 1, 0.0, 1, 1, 0.0, 1 ],
			"glVertexPointer" : 
			[
				0.9562228918075562,
				9.477136611938477,
				4.133227348327637,
				9.477136611938477,
				4.133227348327637,
				10.87381935119629,
				0.9562228918075562,
				10.87381935119629
			],
			"name" : "image1",
			"opacity" : 0.5,
			"renderOrder" : 1,
			"scale" : 1.396683096885681
		},
		
		{
			"aspectScale" : 0.2447928041219711,
			"body" : -1,
			"center" : 
			{
				"x" : 18.15412712097168,
				"y" : 4.853475093841553
			},
			"corners" : 
			{
				"x" : 
				[
					16.57003784179688,
					19.73821640014648,
					19.73821640014648,
					16.57003784179688
				],
				"y" : 
				[
					0.5978770256042481,
					0.5978770256042481,
					9.109073638916016,
					9.109073638916016
				]
			},
			"customProperties" : 
			[
				
				{
					"name" : "name",
					"string" : "description"
				}
			],
			"file" : "../../../../../raw-assets/ui/level_menu/level_select/images/box.png",
			"filter" : 1,
			"glDrawElements" : [ 0, 1, 2, 2, 3, 0 ],
			"glTexCoordPointer" : [ 0.0, 0.0, 1, 0.0, 1, 1, 0.0, 1 ],