
{
	"allowSleep" : true,
	"autoClearForces" : true,
	"collisionbitplanes" : 
	{
		"names" : 
		[
			"bitplane1",
			"bitplane2",
			"bitplane3",
			"bitplane4",
			"bitplane5",
			"bitplane6",
			"bitplane7",
			"bitplane8",
			"bitplane9",
			"bitplane10",
			"bitplane11",
			"bitplane12",
			"bitplane13",
			"bitplane14",
			"bitplane15",
			"bitplane16",
			"bitplane17",
			"bitplane18",
			"bitplane19",
			"bitplane20",
			"bitplane21",
			"bitplane22",
			"bitplane23",
			"bitplane24",
			"bitplane25",
			"bitplane26",
			"bitplane27",
			"bitplane28",
			"bitplane29",
			"bitplane30",
			"bitplane31",
			"bitplane32"
		]
	},
	"continuousPhysics" : true,
	"gravity" : 
	{
		"x" : 0,
		"y" : -10
	},
	"image" : 
	[
		
		{
			"aspectScale" : 1,
			"body" : -1,
			"center" : 
			{
				"x" : 9.979062080383301,
				"y" : 5.609951019287109
			},
			"corners" : 
			{
				"x" : 
				[
					0.01918924413621426,
					19.93893432617188,
					19.93893432617188,
					0.01918924413621426
				],
				"y" : 
				[
					0.008518695831298828,
					0.008518695831298828,
					11.21138381958008,
					11.21138381958008
				]
			},
			"file" : "../../../../../raw-assets/ui/level_menu/level_select/images/background.jpg",
			"filter" : 1,
			"glDrawElements" : [ 0, 1, 2, 2, 3, 0 ],
			"glTexCoordPointer" : [ 0.0, 0.0, 1, 0.0, 1, 1, 0.0, 1 ],
			"glVertexPointer" : 
			[
				0.01918924413621426,
				0.008518695831298828,
				19.93893432617188,
				0.008518695831298828,
				19.93893432617188,
				11.21138381958008,
				0.01918924413621426,
				11.21138381958008
			],
			"name" : "image3",
			"opacity" : 0.5,
			"scale" : 11.20286464691162
		},
		
		{
			"aspectScale" : 0.8686994314193726,
			"body" : -1,
			"center" : 
			{
				"x" : 18.18699073791504,
				"y" : 7.152824401855469
			},
			"corners" : 
			{
				"x" : 
				[
					16.70602416992188,
					19.66795730590820,
					19.66795730590820,
					16.70602416992188
				],
				"y" : 
				[
					5.674890995025635,
					5.674890995025635,
					8.630758285522461,
					8.630758285522461
				]
			},
			"customProperties" : 
			[
				
				{
					"name" : "name",
					"string" : "description_bounds"
				}
			],
			"file" : "../../../../../raw-assets/ui/level_menu/level_select/images/empty.png",
			"filter" : 1,
			"glDrawElements" : [ 0, 1, 2, 2, 3, 0 ],
			"glTexCoordPointer" : [ 0.0, 0.0, 1, 0.0, 1, 1, 0.0, 1 ],
			"glVertexPointer" : 
			[
				16.70602416992188,
				5.674890995025635,
				19.66795730590820,
				5.674890995025635,
				19.66795730590820,
				8.630758285522461,
				16.70602416992188,
				8.630758285522461
			],
			"name" : "image5",
			"opacity" : 0.5,
			"renderOrder" : 1,
			"scale" : 2.955867052078247
		},
		
		{
			"aspectScale" : 1.328583359718323,
			"body" : -1,
			"center" : 
			{
				"x" : 10.48118209838867,
				"y" : 4.896129131317139
			},
			"corners" : 
			{
				"x" : 
				[
					4.860013961791992,
					16.10235023498535,
					16.10235023498535,
					4.860013961791992
				],
				"y" : 
				[
					1.228234529495239,
					1.228234529495239,
					8.564023971557617,
					8.564023971557617
				]
			},
			"customProperties" : 
			[
				
				{
					"name" : "name",
					"string" : "level_list_bounds"
				}
			],
			"file" : "../../../../../raw-assets/ui/level_menu/level_select/images/empty.png",
			"filter" : 1,
			"glDrawElements" : [ 0, 1, 2, 2, 3, 0 ],
			"glTexCoordPointer" : [ 0.0, 0.0, 1, 0.0, 1, 1, 0.0, 1 ],
			"glVertexPointer" : 
			[
				4.860013961791992,
				1.228234529495239,
				16.10235023498535,
				1.228234529495239,
				16.10235023498535,
				8.564023971557617,
				4.860013961791992,
				8.564023971557617
			],
			"name" : "image5",
			"opacity" : 0.5,
			"renderOrder" : 1,
			"scale" : 7.335789203643799
		},
		
		{
			"aspectScale" : 1.571385502815247,
			"body" : -1,
			"center" : 
			{
				"x" : 18.58869934082031,
				"y" : 4.013546466827393
			},
			"corners" : 
			{
				"x" : 
				[
					17.55765342712402,
					19.61974525451660,
					19.61974525451660,
					17.55765342712402
				],
				"y" : 
				[
					3.582052230834961,
					3.582052230834961,
					4.445040702819824,
					4.445040702819824
				]
			},
			"customProperties" : 
			[
				
				{
					"name" : "name",
					"string" : "normal_label"
				}
			],
			"file" : "../../../../../raw-assets/ui/level_menu/level_select/images/box.png",
			"filter" : 1,
			"glDrawElements" : [ 0, 1, 2, 2, 3, 0 ],
			"glTexCoordPointer" : [ 0.0, 0.0, 1, 0.0, 1, 1, 0.0, 1 ],
			"glVertexPointer" : 
			[
				17.55765342712402,
				3.582052230834961,
				19.61974525451660,
				3.582052230834961,
				19.61974525451660,
				4.445040702819824,
				17.55765342712402,
				4.445040702819824
			],
			"name" : "image2",
			"opacity" : 0.5,
			"renderOrder" : 1,
			"scale" : 0.8629882335662842
		},
		
		{
			"aspectScale" : 1.571385502815247,
			"body" : -1,
			"center" : 
			{
				"x" : 18.59630966186523,
				"y" : 5.095240592956543
			},
			"corners" : 
			{
				"x" : 
				[
					17.56526374816895,
					19.62735557556152,
					19.62735557556152,
					17.56526374816895
				],
				"y" : 
				[
					4.663746356964111,
					4.663746356964111,
					5.526734828948975,
					5.526734828948975
				]
			},
			"customProperties" : 
			[
				
				{
					"name" : "name",
					"string" : "hard_label"
				}
			],
			"file" : "../../../../../raw-assets/ui/level_menu/level_select/images/box.png",
			"filter" : 1,
			"glDrawElements" : [ 0, 1, 2, 2, 3, 0 ],
			"glTexCoordPointer" : [ 0.0, 0.0, 1, 0.0, 1, 1, 0.0, 1 ],
			"glVertexPointer" : 
			[
				17.56526374816895,
				4.663746356964111,
				19.62735557556152,
				4.663746356964111,
				19.62735557556152,
				5.526734828948975,
				17.56526374816895,
				5.526734828948975
			],
			"name" : "image2",
			"opacity" : 0.5,
			"renderOrder" : 1,
			"scale" : 0.8629882335662842
		},
		
		{
			"aspectScale" : 1.571385502815247,
			"body" : -1,
			"center" : 
			{
				"x" : 18.57130241394043,
				"y" : 2.943305730819702
			},
			"corners" : 
			{
				"x" : 
				[
					17.54025650024414,
					19.60234832763672,
					19.60234832763672,
					17.54025650024414
				],
				"y" : 
				[
					2.511811733245850,
					2.511811733245850,
					3.374799728393555,
					3.374799728393555
				]
			},
			"customProperties" : 
			[
				
				{
					"name" : "name",
					"string" : "easy_label"
				}
			],
			"file" : "../../../../../raw-assets/ui/level_menu/level_select/images/box.png",
			"filter" : 1,
			"glDrawElements" : [ 0, 1, 2, 2, 3, 0 ],
			"glTexCoordPointer" : [ 0.0, 0.0, 1, 0.0, 1, 1, 0.0, 1 ],
			"glVertexPointer" : 
			[
				17.54025650024414,
				2.511811733245850,
				19.60234832763672,
				2.511811733245850,
				19.60234832763672,
				3.374799728393555,
				17.54025650024414,
				3.374799728393555
			],
			"name" : "image2",
			"opacity" : 0.5,
			"renderOrder" : 1,
			"scale" : 0.8629882335662842
		},
		
		{
			"aspectScale" : 0.9458249211311340,
			"body" : -1,
			"center" : 
			{
				"x" : 10.46340942382813,
				"y" : 4.861755847930908
			},
			"corners" : 
			{
				"x" : 
				[
					4.376988887786865,
					16.54982948303223,
					16.54982948303223,
					4.376988887786865
				],
				"y" : 
				[
					0.6298995018005371,
					0.6298995018005371,
					9.093612670898438,
					9.093612670898438
				]
			},
			"file" : "../../../../../raw-assets/ui/level_menu/level_select/images/box.png",
			"filter" : 1,
			"glDrawElements" : [ 0, 1, 2, 2, 3, 0 ],
			"glTexCoordPointer" : [ 0.0, 0.0, 1, 0.0, 1, 1, 0.0, 1 ],