
{
	"allowSleep" : true,
	"autoClearForces" : true,
	"collisionbitplanes" : 
	{
		"names" : 
		[
			"bitplane1",
			"bitplane2",
			"bitplane3",
			"bitplane4",
			"bitplane5",
			"bitplane6",
			"bitplane7",
			"bitplane8",
			"bitplane9",
			"bitplane10",
			"bitplane11",
			"bitplane12",
			"bitplane13",
			"bitplane14",
			"bitplane15",
			"bitplane16",
			"bitplane17",
			"bitplane18",
			"bitplane19",
			"bitplane20",
			"bitplane21",
			"bitplane22",
			"bitplane23",
			"bitplane24",
			"bitplane25",
			"bitplane26",
			"bitplane27",
			"bitplane28",
			"bitplane29",
			"bitplane30",
			"bitplane31",
			"bitplane32"
		]
	},
	"continuousPhysics" : true,
	"gravity" : 
	{
		"x" : 0,
		"y" : -10
	},
	"image" : 
	[
		
		{
			"aspectScale" : 1,
			"body" : -1,
			"center" : 
			{
				"x" : 15.63281154632568,
				"y" : 8.446703910827637
			},
			"corners" : 
			{
				"x" : 
				[
					12.62226867675781,
					18.64335441589356,
					18.64335441589356,
					12.62226867675781
				],
				"y" : 
				[
					7.192725658416748,
					7.192725658416748,
					9.700681686401367,
					9.700681686401367
				]
			},
			"file" : "../../../../raw-assets/ui/level_menu/page1/images/sandbox.png",
			"filter" : 1,
			"glDrawElements" : [ 0, 1, 2, 2, 3, 0 ],
			"glTexCoordPointer" : [ 0.0, 0.0, 1, 0.0, 1, 1, 0.0, 1 ],
			"glVertexPointer" : 
			[
				12.62226867675781,
				7.192725658416748,
				18.64335441589356,
				7.192725658416748,
				18.64335441589356,
				9.700681686401367,
				12.62226867675781,
				9.700681686401367
			],
			"name" : "image1",
			"opacity" : 0.5,
			"scale" : 2.507956266403198
		},
		
		{
			"aspectScale" : 1,
			"body" : -1,
			"center" : 
			{
				"x" : 15.62446022033691,
				"y" : 5.369085311889648
			},
			"corners" : 
			{
				"x" : 
				[
					13.25567054748535,
					17.99324989318848,
					17.99324989318848,
					13.25567054748535
				],
				"y" : 
				[
					3.803114891052246,
					3.803114891052246,
					6.935055732727051,
					6.935055732727051
				]
			},
			"file" : "../../../../raw-assets/ui/level_menu/page1/images/sandbox_desc.png",
			"filter" : 1,
			"glDrawElements" : [ 0, 1, 2, 2, 3, 0 ],
			"glTexCoordPointer" : [ 0.0, 0.0, 1, 0.0, 1, 1, 0.0, 1 ],
			"glVertexPointer" : 
			[
				13.25567054748535,
				3.803114891052246,
				17.99324989318848,
				3.803114891052246,
				17.99324989318848,
				6.935055732727051,
				13.25567054748535,
				6.935055732727051
			],
			"name" : "image2",
			"opacity" : 0.5,
			"scale" : 3.131940841674805
		},
		
		{
			"aspectScale" : 1,
			"body" : -1,
			"center" : 
			{
				"x" : 4.369001388549805,
				"y" : 5.377093315124512
			},
			"corners" : 
			{
				"x" : 
				[
					2.000211477279663,
					6.737791538238525,
					6.737791538238525,
					2.000211477279663
				],
				"y" : 
				[
					3.811122894287109,
					3.811122894287109,
					6.943063735961914,
					6.943063735961914
				]
			},
			"file" : "../../../../raw-assets/ui/level_menu/page1/images/survival_desc.png",
			"filter" : 1,
			"glDrawElements" : [ 0, 1, 2, 2, 3, 0 ],
			"glTexCoordPointer" : [ 0.0, 0.0, 1, 0.0, 1, 1, 0.0, 1 ],
			"glVertexPointer" : 
			[
				2.000211477279663,
				3.811122894287109,
				6.737791538238525,
				3.811122894287109,
				6.737791538238525,
				6.943063735961914,
				2.000211477279663,
				6.943063735961914
			],
			"name" : "image4",
			"opacity" : 0.5,
			"scale" : 3.131940841674805
		},
		
		{
			"aspectScale" : 1,
			"body" : -1,
			"center" : 
			{
				"x" : 10.04592418670654,
				"y" : 5.953433990478516
			},
			"corners" : 
			{
				"x" : 
				[
					0.1156315356492996,
					19.97621726989746,
					19.97621726989746,
					0.1156315356492996
				],
				"y" : 
				[
					0.3686375617980957,
					0.3686375617980957,
					11.53823089599609,
					11.53823089599609
				]
			},
			"file" : "../../../../raw-assets/ui/level_menu/page1/images/background.jpg",
			"filter" : 1,
			"glDrawElements" : [ 0, 1, 2, 2, 3, 0 ],
			"glTexCoordPointer" : [ 0.0, 0.0, 1, 0.0, 1, 1, 0.0, 1 ],
			"glVertexPointer" : 
			[
				0.1156315356492996,
				0.3686375617980957,
				19.97621726989746,
				0.3686375617980957,
				19.97621726989746,
				11.53823089599609,
				0.1156315356492996,
				11.53823089599609
			],
			"name" : "image0",
			"opacity" : 0.5,
			"scale" : 11.16959285736084
		},
		
		{
			"aspectScale" : 1,
			"body" : -1,
			"center" : 
			{
				"x" : 4.407632350921631,
				"y" : 8.557208061218262
			},
			"corners" : 
			{
				"x" : 
				[
					1.408989071846008,
					7.406275749206543,
					7.406275749206543,
					1.408989071846008
				],
				"y" : 
				[
					7.303229808807373,
					7.303229808807373,
					9.811185836791992,
					9.811185836791992
				]
			},
			"file" : "../../../../raw-assets/ui/level_menu/page1/images/survival.png",
			"filter" : 1,
			"glDrawElements" : [ 0, 1, 2, 2, 3, 0 ],
			"glTexCoordPointer" : [ 0.0, 0.0, 1, 0.0, 1, 1, 0.0, 1 ],
			"glVertexPointer" : 
			[
				1.408989071846008,
				7.303229808807373,
				7.406275749206543,
				7.303229808807373,
				7.406275749206543,
				9.811185836791992,
				1.408989071846008,
				9.811185836791992
			],
			"name" : "image3",
			"opacity" : 0.5,
			"scale" : 2.507956266403198
		}
	],
	"positionIterations" : 3,
	"stepsPerSecond" : 60.0,
	"subStepping" : false,
	"velocityIterations" : 8,
	"warmStarting" : true
}
