
{
	"allowSleep" : true,
	"autoClearForces" : true,
	"collisionbitplanes" : 
	{
		"names" : 
		[
			"bitplane1",
			"bitplane2",
			"bitplane3",
			"bitplane4",
			"bitplane5",
			"bitplane6",
			"bitplane7",
			"bitplane8",
			"bitplane9",
			"bitplane10",
			"bitplane11",
			"bitplane12",
			"bitplane13",
			"bitplane14",
			"bitplane15",
			"bitplane16",
			"bitplane17",
			"bitplane18",
			"bitplane19",
			"bitplane20",
			"bitplane21",
			"bitplane22",
			"bitplane23",
			"bitplane24",
			"bitplane25",
			"bitplane26",
			"bitplane27",
			"bitplane28",
			"bitplane29",
			"bitplane30",
			"bitplane31",
			"bitplane32"
		]
	},
	"continuousPhysics" : true,
	"gravity" : 
	{
		"x" : 0,
		"y" : -10
	},
	"image" : 
	[
		
		{
			"aspectScale" : 1,
			"body" : -1,
			"center" : 
			{
				"x" : 11.62061119079590,
				"y" : 6.722030639648438
			},
			"corners" : 
			{
				"x" : 
				[
					9.677241325378418,
					13.56398105621338,
					13.56398105621338,
					9.677241325378418
				],
				"y" : 
				[
					6.110507011413574,
					6.110507011413574,
					7.333554267883301,
					7.333554267883301
				]
			},
			"file" : "../../../../raw-assets/ui/settings_menu/images/volumebox.png",
			"filter" : 1,
			"glDrawElements" : [ 0, 1, 2, 2, 3, 0 ],
			"glTexCoordPointer" : [ 0.0, 0.0, 1, 0.0, 1, 1, 0.0, 1 ],
			"glVertexPointer" : 
			[
				9.677241325378418,
				6.110507011413574,
				13.56398105621338,
				6.110507011413574,
				13.56398105621338,
				7.333554267883301,
				9.677241325378418,
				7.333554267883301
			],
			"name" : "image24",
			"opacity" : 0.5,
			"scale" : 1.223047256469727
		},
		
		{
			"aspectScale" : 1,
			"body" : -1,
			"center" : 
			{
				"x" : 2.094639778137207,
				"y" : 9.911768913269043
			},
			"corners" : 
			{
				"x" : 
				[
					0.03994533419609070,
					4.149334430694580,
					4.149334430694580,
					0.03994533419609070
				],
				"y" : 
				[
					9.008479118347168,
					9.008479118347168,
					10.81505870819092,
					10.81505870819092
				]
			},
			"customProperties" : 
			[
				
				{
					"name" : "name",
					"string" : "back_button"
				}
			],
			"file" : "../../../../raw-assets/ui/settings_menu/images/back.png",
			"filter" : 1,
			"glDrawElements" : [ 0, 1, 2, 2, 3, 0 ],
			"glTexCoordPointer" : [ 0.0, 0.0, 1, 0.0, 1, 1, 0.0, 1 ],
			"glVertexPointer" : 
			[
				0.03994533419609070,
				9.008479118347168,
				4.149334430694580,
				9.008479118347168,
				4.149334430694580,
				10.81505870819092,
				0.03994533419609070,
				10.81505870819092
			],
			"name" : "image2",
			"opacity" : 0.5,
			"scale" : 1.806580305099487
		},
		
		{
			"aspectScale" : 0.9246575832366943,
			"body" : -1,
			"center" : 
			{
				"x" : 11.74880027770996,
				"y" : 3.166460037231445
			},
			"corners" : 
			{
				"x" : 
				[
					11.10705947875977,
					12.39054107666016,
					12.39054107666016,
					11.10705947875977
				],
				"y" : 
				[
					0.6781048774719238,
					0.6781048774719238,
					5.654815196990967,
					5.654815196990967
				]
			},
			"customProperties" : 
			[
				
				{
					"name" : "name",
					"string" : "music_volume_multi_image_slider"
				},
				
				{
					"name" : "slider_image",
					"string" : "volume1.png"
				}
			],
			"file" : "../../../../raw-assets/ui/settings_menu/images/volume.png",
			"filter" : 1,
			"glDrawElements" : [ 0, 1, 2, 2, 3, 0 ],
			"glTexCoordPointer" : [ 0.0, 0.0, 1, 0.0, 1, 1, 0.0, 1 ],
			"glVertexPointer" : 
			[
				11.10705947875977,
				0.6781048774719238,
				12.39054107666016,
				0.6781048774719238,
				12.39054107666016,
				5.654815196990967,
				11.10705947875977,
				5.654815196990967
			],
			"name" : "image16",
			"opacity" : 0.5,
			"scale" : 4.976710319519043
		},
		
		{
			"aspectScale" : 1,
			"body" : -1,
			"center" : 
			{
				"x" : 1.934762001037598,
				"y" : 3.245231628417969
			},
			"corners" : 
			{
				"x" : 
				[
					1.109092831611633,
					2.760431051254273,
					2.760431051254273,
					1.109092831611633
				],
				"y" : 
				[
					2.097691535949707,
					2.097691535949707,
					4.392771720886231,
					4.392771720886231
				]
			},
			"customProperties" : 
			[
				
				{
					"name" : "checked_image",
					"string" : "on.png"
				},
				
				{
					"name" : "name",
					"string" : "vibrations_checkbox"
				}
			],
			"file" : "../../../../raw-assets/ui/settings_menu/images/off.png",
			"filter" : 1,
			"glDrawElements" : [ 0, 1, 2, 2, 3, 0 ],
			"glTexCoordPointer" : [ 0.0, 0.0, 1, 0.0, 1, 1, 0.0, 1 ],
			"glVertexPointer" : 
			[
				1.109092831611633,
				2.097691535949707,
				2.760431051254273,
				2.097691535949707,
				2.760431051254273,
				4.392771720886231,
				1.109092831611633,
				4.392771720886231
			],
			"name" : "image30",
			"opacity" : 0.5,
			"scale" : 2.295080184936523
		},
		
		{
			"aspectScale" : 1,
			"body" : -1,
			"center" : 
			{
				"x" : 5.476185798645020,
				"y" : 3.314368247985840
			},
			"corners" : 
			{
				"x" : 
				[
					3.042518615722656,
					7.909852981567383,
					7.909852981567383,
					3.042518615722656
				],
				"y" : 
				[
					2.105260372161865,
					2.105260372161865,
					4.523476123809815,
					4.523476123809815
				]
			},
			"file" : "../../../../raw-assets/ui/settings_menu/images/vibrations.png",
			"filter" : 1,
			"glDrawElements" : [ 0, 1, 2, 2, 3, 0 ],
			"glTexCoordPointer" : [ 0.0, 0.0, 1, 0.0, 1, 1, 0.0, 1 ],
			"glVertexPointer" : 
			[
				3.042518615722656,
				2.105260372161865,
				7.909852981567383,
				2.105260372161865,
				7.909852981567383,
				4.523476123809815,
				3.042518615722656,
				4.523476123809815
			],
			"name" : "image10",
			"opacity" : 0.5,
			"scale" : 2.418215513229370
		},
		
		{
			"aspectScale" : 1,
			"body" : -1,
			"center" : 
			{
				"x" : 15.75801658630371,
				"y" : 2.954742908477783
			},
			"corners" : 
			{
				"x" : 
				[
					14.93234729766846,
					16.58368492126465,
					16.58368492126465,
					14.93234729766846
				],
				"y" : 
				[
					1.807202816009522,
					1.807202816009522,
					4.102283000946045,
					4.102283000946045
				]
			},
			"customProperties" : 
			[
				
				{
					"name" : "checked_image",
					"string" : "on.png"
				},
				
				{
					"name" : "name",
					"string" : "sfx_volume_checkbox"
				}
			],
			"file" : "../../../../raw-assets/ui/settings_menu/images/off.png",
			"filter" : 1,
			"glDrawElements" : [ 0, 1, 2, 2, 3, 0 ],
			"glTexCoordPointer" : [ 0.0, 0.0, 1, 0.0, 1, 1, 0.0, 1 ],
			"glVertexPointer" : 
			[
				14.93234729766846,
				1.807202816009522,
				16.58368492126465,
				1.807202816009522,
				16.58368492126465,
				4.102283000946045,
				14.93234729766846,
				4.102283000946045
			],
			"name" : "image30",
			"opacity" : 0.5,
			"scale" : 2.295080184936523
		},
		
		{
			"aspectScale" : 1,
			"body" : -1,
			"center" : 
			{
				"x" : 9.893150329589844,
				"y" : 3.04239034652710
			},
			"corners" : 
			{
				"x" : 
				[
					9.067481040954590,
					10.71881961822510,
					10.71881961822510,
					9.067481040954590
				],
				"y" : 
				[
					1.894850254058838,
					1.894850254058838,
					4.189930438995361,
					4.189930438995361
				]
			},
			"customProperties" : 
			[
				
				{
					"name" : "checked_image",
					"string" : "on.png"
				},
				
				{
					"name" : "name",
					"string" : "music_volume_checkbox"
				}
			],
			"file" : "../../../../raw-assets/ui/settings_menu/images/off.png",
			"filter" : 1,
			"glDrawElements" : [ 0, 1, 2, 2, 3, 0 ],
			"glTexCoordPointer" : [ 0.0, 0.0, 1, 0.0, 1, 1, 0.0, 1 ],